Rk,Lg,Rd,Pk,Tm,Player,Age,Pos,Born,College,From,To,Year,G,MP,PTS,TRB,AST,STL,BLK,FG%,2P%,3P%,FT%,WS,WS/48
1,NBA,1,1,CHI,Elton Brand,20.116,F-C,us,Duke,2000,2016,1999,1058,33,15.9,8.5,2.1,0.9,1.7,0.5,0.501,0.095,0.736,109.6,0.151
2,NBA,1,2,VAN,Steve Francis,22.134,G,us,Maryland,2000,2008,1999,576,37.6,18.1,5.6,6,1.5,0.4,0.429,0.451,0.341,0.797,54.1,0.12
3,NBA,1,3,CHH,Baron Davis,20.083,G,us,UCLA,2000,2012,1999,835,34.2,16.1,3.8,7.2,1.8,0.4,0.409,0.456,0.32,0.711,63.1,0.106
4,NBA,1,4,LAC,Lamar Odom,19.241,F,us,Rhode Island,2000,2013,1999,961,33.4,13.3,8.4,3.7,0.9,0.9,0.463,0.502,0.312,0.693,77,0.115
5,NBA,1,5,TOR,Jonathan Bender,18.155,F,us,,2000,2010,1999,262,14.7,5.5,2.2,0.6,0.2,0.6,0.417,0.442,0.34,0.763,3.8,0.047
6,NBA,1,6,MIN,Wally Szczerbiak,22.122,F,es,Miami University,2000,2009,1999,651,30.8,14.1,4,2.4,0.6,0.2,0.485,0.505,0.406,0.86,53.3,0.127
7,NBA,1,7,WAS,Richard Hamilton,21.141,G-F,us,UConn,2000,2013,1999,921,32.1,17.1,3.1,3.4,0.8,0.1,0.449,0.463,0.346,0.852,62.8,0.102
8,NBA,1,8,CLE,Andre Miller,23.108,G,us,Utah,2000,2016,1999,1304,30.9,12.5,3.7,6.5,1.2,0.2,0.461,0.478,0.217,0.807,100.8,0.12
9,NBA,1,9,PHO,Shawn Marion,21.059,F,us,UNLV,2000,2015,1999,1163,34.5,15.2,8.7,1.9,1.5,1.1,0.484,0.513,0.331,0.81,124.9,0.15
10,NBA,1,10,ATL,Jason Terry,21.293,G,us,Arizona,2000,2018,1999,1410,29.8,13.4,2.3,3.8,1.1,0.2,0.444,0.484,0.38,0.845,102,0.116
11,NBA,1,11,CLE,Trajan Langdon,23.053,G,us,Duke,2000,2002,1999,119,14.6,5.4,1.3,1.3,0.5,0.1,0.416,0.429,0.396,0.91,2.9,0.079
12,NBA,1,12,TOR,Aleksandar Radojević,22.331,C,me,Barton County Community College,2000,2005,1999,15,10.1,1.7,2.4,0.5,0.1,0.2,0.308,0.308,,0.625,-0.4,-0.13
13,NBA,1,13,SEA,Corey Maggette,19.235,F,us,Duke,2000,2013,1999,827,28.2,16,4.9,2.1,0.7,0.2,0.453,0.478,0.324,0.822,62.2,0.128
14,NBA,1,14,MIN,William Avery,19.331,G,us,Duke,2000,2002,1999,142,8.5,2.7,0.7,1.4,0.2,0,0.33,0.376,0.255,0.714,-0.9,-0.034
15,NBA,1,15,NYK,Frederic Weis,,,,,,,1999,,,,,,,,,,,,,
16,NBA,1,16,CHI,Metta World Peace,19.234,F,us,St. John's,2000,2017,1999,991,31.7,13.2,4.5,2.7,1.7,0.5,0.414,0.447,0.339,0.715,61.1,0.093
17,NBA,1,17,ATL,Cal Bowdler,22.096,F,us,Old Dominion,2000,2002,1999,142,9.7,3,1.9,0.2,0.3,0.3,0.404,0.411,0.182,0.768,1.8,0.061
18,NBA,1,18,DEN,James Posey,22.173,F-G,us,Xavier,2000,2011,1999,864,26.9,8.6,4.7,1.6,1.1,0.3,0.41,0.467,0.349,0.82,51.6,0.107
19,NBA,1,19,UTA,Quincy Lewis,22.009,F,us,Minnesota,2000,2004,1999,159,11.7,3.6,1.3,0.6,0.4,0.2,0.397,0.412,0.333,0.71,0.8,0.02
20,NBA,1,20,ATL,Dion Glover,20.256,G,us,Georgia Tech,2000,2005,1999,294,20.9,8.2,3.1,1.5,0.8,0.2,0.411,0.436,0.317,0.756,5.8,0.045
21,NBA,1,21,GSW,Jeff Foster,22.17,F-C,us,Texas State University,2000,2012,1999,764,20.6,4.9,6.9,0.9,0.7,0.4,0.497,0.504,0.13,0.615,47.5,0.145
22,NBA,1,22,HOU,Kenny Thomas,21.345,F,us,New Mexico,2000,2010,1999,632,27.4,9.3,6.9,1.5,0.8,0.4,0.465,0.476,0.244,0.699,31.2,0.086
23,NBA,1,23,LAL,Devean George,21.31,G-F,us,Augsburg College,2000,2010,1999,630,18.5,5.6,3.1,0.9,0.7,0.4,0.392,0.421,0.343,0.721,18.2,0.075
24,NBA,1,24,UTA,Andrei Kirilenko,18.136,F,ru,,2002,2015,1999,797,30,11.8,5.5,2.7,1.4,1.8,0.474,0.51,0.31,0.754,75.4,0.151
25,NBA,1,25,MIA,Tim James,22.191,F,us,Miami (FL),2000,2002,1999,43,6.1,1.6,1.1,0.3,0,0.2,0.329,0.329,0.333,0.652,0,-0.003
26,NBA,1,26,IND,Vonteego Cummings,23.127,G,us,Pitt,2000,2002,1999,199,19,6.9,1.9,2.7,0.9,0.2,0.383,0.404,0.321,0.726,2.2,0.028
27,NBA,1,27,ATL,Jumaine Jones,20.145,F,us,Georgia,2000,2007,1999,471,20.8,7.1,4.2,0.9,0.7,0.3,0.424,0.474,0.349,0.704,15.1,0.074
28,NBA,1,28,UTA,Scott Padgett,23.077,F,us,Kentucky,2000,2007,1999,448,12.5,4.2,2.7,0.7,0.4,0.2,0.41,0.433,0.373,0.736,13.2,0.113
29,NBA,1,29,SAS,Leon Smith,18.244,C,us,,2002,2004,1999,15,6.9,2.2,2.2,0.2,0.3,0.1,0.393,0.393,,0.647,0.2,0.112
30,NBA,2,30,LAL,John Celestand,22.121,G,us,Villanova,2000,2000,1999,16,11.6,2.3,0.7,1.3,0.4,0,0.333,0.361,0.222,0.833,-0.1,-0.038
31,NBA,2,31,LAC,Rico Hill,,,,Illinois State,,,1999,,,,,,,,,,,,,
32,NBA,2,32,CHI,Michael Ruffin,22.165,F,us,Tulsa,2000,2009,1999,414,14.4,1.7,3.9,0.6,0.5,0.5,0.407,0.409,0,0.459,6.8,0.055
33,NBA,2,33,DEN,Chris Herren,23.282,G,us,Fresno State,2000,2001,1999,70,14.4,3.2,1,2.4,0.4,0,0.336,0.347,0.328,0.692,0.5,0.025
34,NBA,2,34,NJN,Evan Eschmeyer,24.037,C,us,Northwestern,2000,2003,1999,153,14,2.8,3.9,0.5,0.5,0.6,0.463,0.463,,0.621,4,0.09
35,NBA,2,35,WAS,Calvin Booth,23.059,C,us,Penn State,2000,2009,1999,366,12.2,3.3,2.8,0.4,0.3,1,0.451,0.453,0.222,0.748,8,0.086
36,NBA,2,36,DAL,Wang Zhizhi,21.362,C,cn,,2001,2005,1999,137,9.2,4.4,1.7,0.3,0.2,0.3,0.417,0.435,0.385,0.735,2.1,0.078
37,NBA,2,37,VAN,Obinna Ekezie,23.318,F-C,ng,Maryland,2000,2005,1999,143,10.6,3.6,2.7,0.2,0.3,0.2,0.423,0.424,0,0.72,1.7,0.054
38,NBA,2,38,ORL,Laron Profit,21.334,G-F,us,Maryland,2000,2006,1999,135,11.4,3.3,1.5,1.2,0.5,0.2,0.419,0.469,0.236,0.712,0.7,0.021
39,NBA,2,39,CLE,A.J. Bramlett,22.176,C,us,Arizona,2000,2000,1999,8,7.6,1,2.8,0,0.1,0,0.19,0.19,,,-0.2,-0.129
40,NBA,2,40,DAL,Gordan Giriček,22.015,G-F,hr,,2003,2008,1999,384,23,9.6,2.5,1.5,0.6,0.1,0.442,0.465,0.368,0.823,8,0.044
41,NBA,2,41,DEN,Francisco Elson,23.128,C,nl,California,2004,2012,1999,472,15.3,3.7,3.5,0.6,0.5,0.5,0.478,0.481,0.188,0.7,11.7,0.078
42,NBA,2,42,MIN,Louis Bullock,,,,Michigan,,,1999,,,,,,,,,,,,,
43,NBA,2,43,CHH,Lee Nailon,24.134,F,us,TCU,2001,2006,1999,306,19,8.6,3.1,1,0.4,0.2,0.474,0.475,0.111,0.786,8,0.066
44,NBA,2,44,HOU,Tyrone Washington,,,,Mississippi State,,,1999,,,,,,,,,,,,,
45,NBA,2,45,SAC,Ryan Robertson,22.276,G,us,Kansas,2000,2000,1999,1,25,5,0,0,0,0,0.333,0.5,0,1,0,-0.022
46,NBA,2,46,NYK,J.R. Koch,,,,Iowa,,,1999,,,,,,,,,,,,,
47,NBA,2,47,PHI,Todd MacCulloch,23.16,C,ca,Washington,2000,2003,1999,223,15.4,6.1,4,0.5,0.3,0.8,0.541,0.541,,0.642,11.9,0.166
48,NBA,2,48,MIL,Galen Young,,,,UNC Charlotte,,,1999,,,,,,,,,,,,,
49,NBA,2,49,CHI,Lari Ketner,22.154,F-C,us,UMass,2000,2001,1999,25,5.6,1.4,1.4,0.1,0.2,0.1,0.406,0.406,,0.667,0,-0.015
50,NBA,2,50,HOU,Venson Hamilton,21.328,C,us,Nebraska,,,1999,,,,,,,,,,,,,
51,NBA,2,51,VAN,Antwain Smith,,,,Saint Paul's College,,,1999,,,,,,,,,,,,,
52,NBA,2,52,POR,Roberto Bergersen,,,,Boise State,,,1999,,,,,,,,,,,,,
53,NBA,2,53,MIA,Rodney Buford,21.245,G-F,us,Creighton,2000,2005,1999,230,18.2,6.4,2.6,0.8,0.5,0.1,0.412,0.433,0.3,0.758,2.9,0.033
54,NBA,2,54,DET,Melvin Levett,,,,Cincinnati,,,1999,,,,,,,,,,,,,
55,NBA,2,55,BOS,Kris Clack,,,,Texas,,,1999,,,,,,,,,,,,,
56,NBA,2,56,GSW,Tim Young,23.15,C,us,Stanford,2000,2000,1999,25,5.5,2.2,1.4,0.2,0.1,0,0.333,0.333,,0.778,0.2,0.058
57,NBA,2,57,SAS,Manu Ginóbili,21.342,G,ar,,2003,2018,1999,1057,25.4,13.3,3.5,3.8,1.3,0.3,0.447,0.498,0.369,0.827,106.4,0.19
58,NBA,2,58,UTA,Eddie Lucas,,,,Virginia Tech,,,1999,,,,,,,,,,,,,
59,NBA,1,1,LAC,Michael Olowokandi,23.088,C,ng,University of the Pacific,1999,2007,1998,500,26.3,8.3,6.8,0.7,0.5,1.4,0.435,0.435,,0.597,2.5,0.009
60,NBA,1,2,VAN,Mike Bibby,20.047,G,us,Arizona,1999,2012,1998,1001,33.9,14.7,3.1,5.5,1.2,0.1,0.436,0.463,0.379,0.802,73.2,0.104
61,NBA,1,3,DEN,Raef LaFrentz,22.031,F-C,us,Kansas,1999,2008,1998,563,25.8,10.1,6.1,1.1,0.5,1.6,0.466,0.505,0.363,0.711,39.4,0.13
62,NBA,1,4,TOR,Antawn Jamison,22.017,F,us,UNC,1999,2014,1998,1083,34.8,18.5,7.5,1.6,1,0.4,0.451,0.477,0.346,0.724,87.8,0.112
63,NBA,1,5,GSW,Vince Carter,21.154,G-F,us,UNC,1999,2020,1998,1541,30.1,16.7,4.3,3.1,1,0.6,0.435,0.462,0.371,0.798,125.3,0.13
64,NBA,1,6,DAL,Robert Traylor,21.148,F,us,Michigan,1999,2005,1998,438,14.3,4.8,3.7,0.7,0.6,0.7,0.474,0.478,0.167,0.577,13.3,0.102
65,NBA,1,7,SAC,Jason Williams,22.224,G,us,Florida,1999,2011,1998,788,29.4,10.5,2.3,5.9,1.2,0.1,0.398,0.467,0.327,0.813,38.5,0.08
66,NBA,1,8,PHI,Larry Hughes,19.157,G,us,Saint Louis,1999,2012,1998,727,30.8,14.1,4.2,3.1,1.5,0.4,0.406,0.428,0.309,0.757,32.3,0.069
67,NBA,1,9,MIL,Dirk Nowitzki,20.01,F,de,,1999,2019,1998,1522,33.8,20.7,7.5,2.4,0.8,0.8,0.471,0.496,0.38,0.879,206.3,0.193
68,NBA,1,10,BOS,Paul Pierce,20.259,F-G,us,Kansas,1999,2017,1998,1343,34.2,19.7,5.6,3.5,1.3,0.6,0.445,0.478,0.368,0.806,150,0.157
69,NBA,1,11,DET,Bonzi Wells,21.274,G-F,us,Ball State University,1999,2008,1998,591,25.6,12.1,4.6,2.1,1.3,0.3,0.46,0.477,0.327,0.697,29.4,0.093
70,NBA,1,12,ORL,Michael Doleac,21.014,C,us,Utah,1999,2008,1998,587,15,4.9,3.3,0.6,0.3,0.4,0.439,0.44,0.125,0.791,12.7,0.07
71,NBA,1,13,ORL,Keon Clark,23.075,F-C,us,UNLV,1999,2004,1998,353,22.6,8.2,5.9,0.9,0.5,1.6,0.5,0.503,0.053,0.645,18.2,0.11
72,NBA,1,14,HOU,Michael Dickerson,23.005,G-F,us,Arizona,1999,2003,1998,212,35.3,15.4,2.9,2.6,1,0.4,0.432,0.442,0.402,0.784,9.6,0.061
73,NBA,1,15,ORL,Matt Harpring,22.029,F,us,Georgia Tech,1999,2009,1998,665,26.4,11.5,5.1,1.4,0.7,0.2,0.481,0.493,0.333,0.753,41.9,0.114
74,NBA,1,16,HOU,Bryce Drew,23.282,G,us,Valparaiso,1999,2004,1998,243,16.3,4.4,1.2,2.2,0.5,0,0.382,0.389,0.371,0.83,2.4,0.03
75,NBA,1,17,MIN,Rasho Nesterović,22.03,C,si,,1999,2010,1998,811,22.2,6.8,5.1,1,0.4,1.2,0.502,0.503,0.077,0.585,39.9,0.107
76,NBA,1,18,HOU,Mirsad Türkcan,22.022,F,rs,,2000,2000,1998,17,5.3,1.9,1.9,0.3,0.2,0.1,0.368,0.438,0,0.625,0,-0.019
77,NBA,1,19,MIL,Pat Garrity,21.31,F,us,Notre Dame,1999,2008,1998,552,20,7.3,2.6,0.8,0.4,0.2,0.417,0.434,0.398,0.806,18.7,0.081
78,NBA,1,20,ATL,Roshown McLeod,22.225,F,us,Duke,1999,2001,1998,113,18.8,7.2,2.7,1.1,0.4,0.1,0.409,0.426,0.111,0.819,0.2,0.004
79,NBA,1,21,CHH,Ricky Davis,18.279,G,us,Iowa,1999,2010,1998,736,29.8,13.5,3.5,3.3,1,0.3,0.446,0.466,0.361,0.781,28,0.061
80,NBA,1,22,LAC,Brian Skinner,22.041,F,us,Baylor,1999,2012,1998,608,17.9,4.7,4.7,0.5,0.4,0.9,0.494,0.494,0.333,0.566,15.8,0.07
81,NBA,1,23,DEN,Tyronn Lue,21.057,G,us,Nebraska,1999,2009,1998,554,22.7,8.5,1.7,3.1,0.5,0,0.437,0.456,0.391,0.829,19.7,0.075
82,NBA,1,24,SAS,Felipe López,23.193,G,do,St. John's,1999,2002,1998,249,16.6,5.8,2.4,1,0.6,0.2,0.432,0.445,0.327,0.659,3.1,0.036
83,NBA,1,25,IND,Al Harrington,18.132,F,us,,1999,2014,1998,981,28.6,13.5,5.6,1.7,0.9,0.3,0.444,0.474,0.352,0.727,42.5,0.073
84,NBA,1,26,LAL,Sam Jacobson,22.343,G-F,us,Minnesota,1999,2001,1998,68,11.1,4.2,1.2,0.5,0.5,0,0.511,0.529,0.36,0.739,1.1,0.071
85,NBA,1,27,SEA,Vladimir Stepania,22.052,C,ge,,1999,2004,1998,270,13.8,4.1,4.4,0.3,0.4,0.5,0.425,0.429,0.133,0.536,5.2,0.067
86,NBA,1,28,CHI,Corey Benjamin,20.125,G,us,Oregon State,1999,2003,1998,153,14.3,5.5,1.7,0.9,0.5,0.3,0.39,0.423,0.289,0.652,-0.9,-0.019
87,NBA,1,29,UTA,Nazr Mohammed,20.297,C,us,Kentucky,1999,2016,1998,1005,15.8,5.8,4.7,0.4,0.4,0.6,0.486,0.487,0,0.64,34.3,0.104
88,NBA,2,30,DAL,Ansu Sesay,21.335,F,us,Ole Miss,2002,2005,1998,127,10.2,3.2,1.8,0.5,0.3,0.2,0.434,0.447,0.276,0.64,1.4,0.051
89,NBA,2,31,LAL,Ruben Patterson,22.334,F,us,Cincinnati,1999,2008,1998,649,24.6,10.7,4.2,1.8,1.2,0.4,0.517,0.53,0.179,0.641,35.1,0.106
90,NBA,2,32,SEA,Rashard Lewis,18.325,F,us,,1999,2014,1998,1049,32,14.9,5.2,1.7,1.1,0.5,0.452,0.491,0.386,0.805,90.9,0.13
91,NBA,2,33,SEA,Jelani McCoy,20.205,C,us,UCLA,1999,2008,1998,260,14.7,4.6,3.5,0.5,0.3,0.7,0.539,0.539,,0.49,5.1,0.064
92,NBA,2,34,CHI,Shammond Williams,23.086,G,us,UNC,1999,2007,1998,325,16.5,5.8,1.6,2.4,0.6,0,0.401,0.427,0.366,0.798,8.8,0.079
93,NBA,2,35,DAL,Bruno Šundov,18.139,C,hr,,1999,2005,1998,102,5.1,1.7,1,0.2,0.1,0.1,0.356,0.374,0.208,0.526,-0.7,-0.062
94,NBA,2,36,SAC,Jerome James,22.225,C,us,Florida A&M,1999,2009,1998,358,13.3,4.3,3.1,0.3,0.3,1.1,0.485,0.486,0,0.617,2.9,0.029
95,NBA,2,37,PHI,Casey Shaw,22.345,C,us,Toledo,1999,1999,1998,9,1.6,0.2,0.3,0,0,0,0.125,0.125,,,-0.1,-0.498
96,NBA,2,38,NYK,DeMarco Johnson,22.267,F,us,UNC Charlotte,2000,2000,1998,5,7.4,1.2,1.4,0,0.2,0,0.333,0.333,,,-0.1,-0.091
97,NBA,2,39,MIL,Rafer Alston,21.34,G,us,Fresno State,2000,2010,1998,671,28.9,10.1,2.8,4.8,1.2,0.2,0.383,0.407,0.354,0.729,32.9,0.081
98,NBA,2,40,DET,Korleone Young,19.18,F,us,,1999,1999,1998,3,5,4.3,1.3,0.3,0,0,0.5,0.667,0.25,1,0.1,0.28
99,NBA,2,41,HOU,Cuttino Mobley,22.302,G,us,Rhode Island,1999,2009,1998,747,37,16,3.9,2.7,1.2,0.4,0.433,0.455,0.378,0.835,52.2,0.091
100,NBA,2,42,ORL,Miles Simon,22.221,G,se,Arizona,1999,1999,1998,5,3.8,0.4,0.4,0,0.2,0,0.2,0.333,0,,-0.1,-0.289
101,NBA,1,26,MIA,Charles Smith,21.313,G,us,New Mexico,1998,2006,1997,142,13.9,5.1,1.4,0.9,0.6,0.5,0.409,0.473,0.288,0.606,1.5,0.036
102,NBA,1,27,UTA,Jacque Vaughn,22.14,G,us,Kansas,1998,2009,1997,776,16.3,4.5,1.3,2.5,0.5,0,0.429,0.437,0.352,0.779,15.4,0.058
103,NBA,2,37,GSW,Marc Jackson,22.166,C,us,Temple,2001,2007,1997,387,19.6,8.4,4.3,0.8,0.4,0.3,0.446,0.448,0.226,0.814,13,0.082
104,NBA,2,38,MIL,Jerald Honeycutt,22.254,F-G,us,Tulane,1998,1999,1997,54,11.7,5.1,1.9,0.7,0.5,0.1,0.391,0.409,0.362,0.632,0.3,0.02
105,NBA,2,39,SAC,Anthony Johnson,22.272,G,us,College of Charleston,1998,2010,1997,793,19.6,5.6,1.7,2.9,0.7,0.1,0.414,0.431,0.356,0.745,23.2,0.072
106,NBA,2,42,PHO,Stephen Jackson,19.086,F-G,us,Butler County Community College,2001,2014,1997,858,31.9,15.1,3.9,3.1,1.3,0.4,0.414,0.456,0.333,0.798,36.1,0.063
107,NBA,2,44,CLE,Cedric Henderson,22.112,F,us,Memphis,1998,2002,1997,260,23.8,7.3,2.9,1.6,0.9,0.4,0.436,0.443,0.14,0.715,3.3,0.026
108,NBA,2,46,ORL,Eric Washington,23.1,G,us,Alabama,1998,1999,1997,104,22.1,6.9,2.1,1,0.8,0.4,0.402,0.431,0.346,0.757,0.1,0.002
109,NBA,2,47,POR,Alvin Williams,22.329,G,us,Villanova,1998,2007,1997,460,27.4,9,2.5,4.1,1.2,0.2,0.421,0.443,0.313,0.76,21.7,0.082
110,NBA,2,48,WAS,Predrag Drobnjak,21.247,C,me,,2002,2005,1997,278,19.9,7.9,3.5,0.8,0.5,0.4,0.425,0.433,0.34,0.799,5.6,0.048
111,NBA,2,50,ATL,Chris Crawford,22.049,F,us,Marquette,1998,2004,1997,252,15.8,6.6,2.2,0.6,0.4,0.3,0.437,0.453,0.347,0.824,6.5,0.078
112,NBA,2,54,SEA,Mark Blount,21.213,C,us,Pitt,2001,2009,1997,605,23.1,8.2,4.6,0.8,0.5,0.8,0.504,0.507,0.359,0.723,18.8,0.065
113,NBA,1,1,PHI,Allen Iverson,21.025,G,us,Georgetown,1997,2010,1996,914,41.1,26.7,3.7,6.2,2.2,0.2,0.425,0.448,0.313,0.78,99,0.126
114,NBA,1,2,TOR,Marcus Camby,22.102,C-F,us,UMass,1997,2013,1996,973,29.5,9.5,9.8,1.9,1,2.4,0.466,0.469,0.205,0.67,81.6,0.137
115,NBA,1,3,VAN,Shareef Abdur-Rahim,19.202,F,us,California,1997,2008,1996,830,34.8,18.1,7.5,2.5,1,0.8,0.472,0.48,0.297,0.81,71.2,0.118
116,NBA,1,4,MIL,Stephon Marbury,19.131,G,us,Georgia Tech,1997,2009,1996,846,37.7,19.3,3,7.6,1.2,0.1,0.433,0.465,0.325,0.784,77.5,0.117
117,NBA,1,5,MIN,Ray Allen,20.347,G,us,UConn,1997,2014,1996,1300,35.6,18.9,4.1,3.4,1.1,0.2,0.452,0.485,0.4,0.894,145.1,0.15
118,NBA,1,6,BOS,Antoine Walker,19.323,F,us,Kentucky,1997,2008,1996,893,35.3,17.5,7.7,3.5,1.2,0.5,0.414,0.45,0.325,0.633,38.1,0.058
119,NBA,1,7,LAC,Lorenzen Wright,20.24,F-C,us,Memphis,1997,2009,1996,778,23.8,8,6.4,0.8,0.6,0.7,0.459,0.461,0.069,0.645,30.5,0.079
120,NBA,1,8,NJN,Kerry Kittles,22.02,G,us,Villanova,1997,2005,1996,507,33.4,14.1,3.9,2.6,1.6,0.4,0.439,0.463,0.378,0.78,44.8,0.127
121,NBA,1,9,DAL,Samaki Walker,20.127,F,us,Louisville,1997,2006,1996,445,17.1,5.3,4.7,0.6,0.3,0.7,0.462,0.464,0.111,0.63,14.2,0.089
122,NBA,1,10,IND,Erick Dampier,20.353,C,us,Mississippi State,1997,2012,1996,987,24.3,7.4,7.1,0.8,0.3,1.4,0.498,0.499,0.125,0.626,52.7,0.105
123,NBA,1,11,GSW,Todd Fuller,21.342,C,us,NC State,1997,2001,1996,225,11.1,3.7,3,0.2,0.2,0.3,0.422,0.424,0,0.668,2.2,0.041
124,NBA,1,12,CLE,Vitaly Potapenko,21.103,C,ua,Wright State University,1997,2007,1996,610,19,6.5,4.5,0.7,0.4,0.3,0.479,0.479,0.167,0.694,15.5,0.064
125,NBA,1,13,CHH,Kobe Bryant,17.312,G-F,us,,1997,2016,1996,1346,36.1,25,5.2,4.7,1.4,0.5,0.447,0.479,0.329,0.837,172.7,0.17
126,NBA,1,14,SAC,Peja Stojaković,19.022,F,hr,,1999,2011,1996,804,33.5,17,4.7,1.8,0.9,0.1,0.45,0.484,0.401,0.895,82.6,0.147
127,NBA,1,15,PHO,Steve Nash,22.145,G,za,Santa Clara,1997,2014,1996,1217,31.3,14.3,3,8.5,0.7,0.1,0.49,0.518,0.428,0.904,129.7,0.164
128,NBA,1,16,CHH,Tony Delk,22.155,G,us,Kentucky,1997,2006,1996,545,21.5,9.1,2.5,1.9,0.8,0.1,0.408,0.436,0.343,0.769,19.5,0.08
129,NBA,1,17,POR,Jermaine O'Neal,17.261,C-F,us,,1997,2014,1996,1011,27.1,13.2,7.2,1.4,0.5,1.8,0.467,0.469,0.147,0.715,66,0.116
130,NBA,1,18,NYK,John Wallace,22.143,F,us,Syracuse,1997,2004,1996,381,16.1,7.6,2.8,0.7,0.4,0.6,0.462,0.465,0.3,0.74,6.4,0.05
131,NBA,1,19,NYK,Walter McCarty,22.151,F,us,Kentucky,1997,2006,1996,593,17.5,5.2,2.6,1.1,0.6,0.3,0.392,0.433,0.346,0.698,13.7,0.064
132,NBA,1,20,CLE,Zydrunas Ilgauskas,21.027,C,lt,,1998,2011,1996,843,27.2,13,7.3,1.1,0.5,1.6,0.476,0.478,0.31,0.78,66.3,0.139
133,NBA,1,22,VAN,Roy Rogers,22.317,F,us,Alabama,1997,2000,1996,137,16.9,4.8,3.5,0.4,0.2,1.5,0.483,0.483,0.5,0.532,1.7,0.035
134,NBA,1,24,LAL,Derek Fisher,21.327,G,us,Little Rock,1997,2014,1996,1287,25.4,8.3,2.1,3,1.1,0.1,0.399,0.413,0.374,0.817,62.3,0.091
135,NBA,1,25,UTA,Martin Müürsepp,21.279,F,ee,,1997,1998,1996,83,11.5,4.7,2.2,0.6,0.5,0.3,0.425,0.45,0.323,0.693,2,0.1
136,NBA,1,26,DET,Jerome Williams,23.053,F,us,Georgetown,1997,2005,1996,587,21.7,6.6,6.4,0.8,1.1,0.2,0.502,0.506,0.038,0.645,37.9,0.143
137,NBA,1,27,ORL,Brian Evans,22.292,F,us,Indiana,1997,1999,1996,102,10.8,3.7,1.6,0.8,0.3,0.2,0.381,0.396,0.343,0.82,1.7,0.076
138,NBA,1,29,CHI,Travis Knight,21.292,C,us,UConn,1997,2003,1996,371,12.3,3.4,3.1,0.6,0.4,0.6,0.438,0.447,0.259,0.696,7.9,0.083
139,NBA,2,30,HOU,Othella Harrington,22.152,F-C,us,Georgetown,1997,2008,1996,709,19.6,7.4,4.4,0.6,0.3,0.4,0.505,0.507,0,0.738,23.1,0.08
140,NBA,2,31,PHI,Mark Hendrickson,22.009,F,us,Washington State,1997,2000,1996,114,13.2,3.3,2.8,0.6,0.4,0.1,0.416,0.431,0.167,0.803,2.1,0.067
141,NBA,2,33,MIL,Moochie Norris,22.34,G,us,University of West Florida,1997,2006,1996,445,17.2,5.1,2,2.8,0.7,0,0.401,0.43,0.286,0.74,10,0.063
142,NBA,2,37,DEN,Jeff McInnis,21.253,G,us,UNC,1997,2008,1996,576,27.7,9.4,2,4.4,0.6,0.1,0.431,0.454,0.328,0.796,23.1,0.07
143,NBA,2,42,HOU,Randy Livingston,21.091,G,us,LSU,1997,2007,1996,203,13.2,3.8,1.4,2,0.6,0.2,0.406,0.414,0.351,0.771,2.3,0.041
144,NBA,2,44,CHH,Malik Rose,21.221,F-C,us,Drexel,1997,2009,1996,813,16.5,6.2,4.1,0.8,0.6,0.4,0.437,0.442,0.177,0.743,26.5,0.095
145,NBA,2,48,PHI,Jamie Feick,21.364,C,us,Michigan State,1997,2001,1996,201,21.5,4.5,7.1,0.7,0.6,0.4,0.424,0.425,0.4,0.629,8.2,0.091
146,NBA,2,51,VAN,Chris Robinson,22.091,G,us,Western Kentucky,1997,1998,1996,76,14.4,4.6,1.5,1.4,0.6,0.2,0.376,0.378,0.374,0.571,-0.1,-0.003
147,NBA,2,52,IND,Mark Pope,23.294,F,us,Kentucky,1998,2005,1996,153,10.7,1.9,1.7,0.4,0.2,0.3,0.401,0.455,0.179,0.573,1.3,0.038
148,NBA,2,54,UTA,Shandon Anderson,22.183,F-G,us,Georgia,1997,2006,1996,719,22.2,7.4,3.1,1.4,0.8,0.3,0.457,0.498,0.316,0.739,23.6,0.071
149,NBA,1,1,GSW,Joe Smith,19.342,F,us,Maryland,1996,2011,1995,1030,26.2,10.9,6.4,1,0.6,0.8,0.455,0.458,0.238,0.79,60.3,0.107
150,NBA,1,2,LAC,Antonio McDyess,20.299,F-C,us,Alabama,1996,2011,1995,1015,27.6,12,7.5,1.3,0.8,1.1,0.497,0.499,0.117,0.67,69.8,0.119
151,NBA,1,3,PHI,Jerry Stackhouse,20.24,G-F,us,UNC,1996,2013,1995,970,31.2,16.9,3.2,3.3,0.9,0.5,0.409,0.441,0.309,0.822,52.4,0.083
152,NBA,1,4,WSB,Rasheed Wallace,20.289,F-C,us,UNC,1996,2013,1995,1109,32.7,14.4,6.7,1.8,1,1.3,0.467,0.508,0.336,0.721,105.1,0.139
153,NBA,1,5,MIN,Kevin Garnett,19.044,F-C,us,,1996,2016,1995,1462,34.5,17.8,10,3.7,1.3,1.4,0.497,0.504,0.275,0.789,191.4,0.182
154,NBA,1,6,VAN,Bryant Reeves,22.025,C,us,Oklahoma State,1996,2001,1995,395,30.6,12.5,6.9,1.6,0.5,0.8,0.475,0.478,0.074,0.703,13,0.052
155,NBA,1,7,TOR,Damon Stoudamire,21.303,G,us,Arizona,1996,2008,1995,878,33.2,13.4,3.5,6.1,1.1,0.1,0.406,0.43,0.357,0.833,55.4,0.091
156,NBA,1,8,POR,Shawn Respert,23.148,G,us,Michigan State,1996,1999,1995,172,13.7,4.9,1.3,1,0.5,0,0.414,0.459,0.34,0.816,2.1,0.043
157,NBA,1,9,NJN,Ed O'Bannon,22.323,F,us,UCLA,1996,1997,1995,128,16.1,5,2.5,0.8,0.6,0.2,0.367,0.4,0.222,0.755,1.1,0.025
158,NBA,1,10,MIA,Kurt Thomas,22.272,F,us,TCU,1996,2013,1995,1110,24.5,8.1,6.6,1.1,0.7,0.8,0.486,0.487,0.281,0.76,64.2,0.114
159,NBA,1,11,MIL,Gary Trent,20.284,F,us,Ohio University,1996,2004,1995,506,19.5,8.6,4.5,1,0.4,0.3,0.501,0.507,0.08,0.643,23.2,0.113
160,NBA,1,12,DAL,Cherokee Parks,22.265,C-F,us,Duke,1996,2004,1995,472,15.8,4.4,3.6,0.6,0.4,0.6,0.47,0.475,0.211,0.63,11.8,0.076
161,NBA,1,13,SAC,Corliss Williamson,21.211,F,us,Arkansas,1996,2007,1995,822,22.8,11.1,3.9,1.2,0.6,0.3,0.49,0.492,0.136,0.714,34.7,0.089
162,NBA,1,14,BOS,Eric Williams,22.351,F,us,Providence,1996,2007,1995,658,23.9,8.6,3.3,1.4,0.8,0.2,0.415,0.433,0.318,0.736,23.2,0.071
163,NBA,1,15,DEN,Brent Barry,23.185,G,us,Oregon State,1996,2009,1995,912,25.9,9.3,3,3.2,1,0.3,0.46,0.525,0.405,0.823,70.5,0.143
164,NBA,1,16,ATL,Alan Henderson,22.213,F,us,Indiana,1996,2007,1995,652,21.1,7.8,5,0.6,0.6,0.5,0.469,0.471,0.192,0.639,28,0.097
165,NBA,1,17,CLE,Bob Sura,22.1,G,us,Florida State,1996,2005,1995,657,23.7,8.6,3.4,3.8,1,0.2,0.414,0.45,0.325,0.689,28.3,0.087
166,NBA,1,18,DET,Theo Ratliff,22.077,C-F,us,Wyoming,1996,2011,1995,810,25.3,7.2,5.7,0.6,0.5,2.4,0.496,0.496,0,0.71,47.9,0.112
167,NBA,1,20,CHI,Jason Caffey,22.021,F,us,Alabama,1996,2003,1995,462,19.6,7.3,4.4,0.9,0.5,0.2,0.481,0.483,0,0.637,13.5,0.072
168,NBA,1,21,PHO,Michael Finley,22.119,G-F,us,Wisconsin,1996,2010,1995,1103,34.4,15.7,4.4,2.9,0.9,0.3,0.444,0.467,0.375,0.811,85.2,0.108
169,NBA,1,23,IND,Travis Best,22.356,G,us,Georgia Tech,1996,2005,1995,708,21.4,7.6,1.8,3.5,0.9,0.1,0.431,0.449,0.345,0.835,30.9,0.098
170,NBA,1,24,DAL,Loren Meyer,22.185,C,us,Iowa State,1996,1999,1995,140,14.6,4.6,3.4,0.6,0.2,0.4,0.432,0.435,0.348,0.696,0.5,0.012
171,NBA,1,28,UTA,Greg Ostertag,22.119,C,us,Kansas,1996,2006,1995,756,19.5,4.6,5.5,0.6,0.3,1.7,0.486,0.487,0.1,0.569,33.8,0.11
172,NBA,1,29,SAS,Cory Alexander,22.011,G,us,Virginia,1996,2005,1995,307,15.8,5.5,1.6,2.7,0.9,0.1,0.389,0.417,0.354,0.756,3,0.03
173,NBA,2,31,CHI,Dragan Tarlać,22.055,C,rs,,2001,2001,1995,43,13.9,2.4,2.8,0.7,0.2,0.4,0.394,0.394,,0.758,-0.2,-0.016
174,NBA,2,34,GSW,Andrew DeClercq,22.152,F-C,us,Florida,1996,2005,1995,587,16.8,4.8,4.2,0.6,0.7,0.5,0.507,0.507,0,0.621,19.3,0.094
175,NBA,2,35,TOR,Jimmy King,21.328,G,us,Michigan,1996,1997,1995,64,13.9,4.5,1.8,1.4,0.4,0.2,0.429,0.471,0.147,0.691,0,0.001
176,NBA,2,36,VAN,Lawrence Moten,23.1,G,us,Syracuse,1996,1998,1995,119,15.2,6.3,1.5,1.5,0.6,0.3,0.408,0.45,0.299,0.652,0,0.001
177,NBA,2,43,MIL,Eric Snow,22.07,G,us,Michigan State,1996,2008,1995,846,27.3,6.8,2.5,5,1.2,0.1,0.424,0.436,0.208,0.763,43.4,0.09
178,NBA,2,47,SAC,Tyus Edney,22.139,G,us,UCLA,1996,2001,1995,226,21,7.6,1.7,4,1,0,0.405,0.419,0.322,0.806,6.8,0.068
179,NBA,2,48,MIN,Mark Davis,22.068,G-F,us,Texas Tech,1996,2000,1995,230,16,5.5,3,1.3,0.9,0.3,0.442,0.465,0.246,0.655,2.3,0.03
180,NBA,2,49,MIN,Jerome Allen,22.156,G,us,Penn,1996,1997,1995,117,11.2,2.9,1.1,1.7,0.4,0.1,0.35,0.37,0.317,0.63,0.2,0.006
181,NBA,2,52,IND,Fred Hoiberg,22.261,G,us,Iowa State,1996,2005,1995,541,18.4,5.4,2.7,1.6,0.8,0.1,0.431,0.456,0.396,0.854,27.6,0.133
182,NBA,2,56,PHO,Chris Carr,21.113,G,us,Southern Illinois,1996,2001,1995,297,15.2,6.7,2.2,1,0.3,0.2,0.416,0.445,0.338,0.807,3.9,0.042
183,NBA,2,58,DET,Don Reid,21.185,F,us,Georgetown,1996,2003,1995,403,13.3,3.6,2.9,0.4,0.5,0.7,0.53,0.531,0,0.658,13.7,0.123
184,NBA,1,1,MIL,Glenn Robinson,21.175,F,us,Purdue,1995,2005,1994,688,36.8,20.7,6.1,2.7,1.2,0.6,0.459,0.48,0.34,0.82,39.8,0.075
185,NBA,1,2,DAL,Jason Kidd,21.103,G,us,California,1995,2013,1994,1391,36,12.6,6.3,8.7,1.9,0.3,0.4,0.429,0.349,0.785,138.6,0.133
186,NBA,1,3,DET,Grant Hill,21.272,F-G,us,Duke,1995,2013,1994,1026,33.9,16.7,6,4.1,1.2,0.6,0.483,0.493,0.314,0.769,99.9,0.138
187,NBA,1,4,MIN,Donyell Marshall,21.047,F,us,UConn,1995,2009,1994,957,26.2,11.2,6.7,1.4,0.8,0.9,0.435,0.468,0.35,0.731,59,0.113
188,NBA,1,5,WSB,Juwan Howard,21.147,F,us,Michigan,1995,2013,1994,1208,30.3,13.4,6.1,2.2,0.7,0.3,0.469,0.47,0.12,0.764,59.4,0.078
189,NBA,1,6,PHI,Sharone Wright,21.155,F-C,us,Clemson,1995,1998,1994,203,22.3,9.7,5,0.6,0.4,1,0.456,0.458,0.083,0.618,1.4,0.015
190,NBA,1,7,LAC,Lamond Murray,21.075,F,us,California,1995,2006,1994,736,25.1,11.3,4.1,1.3,0.9,0.4,0.43,0.447,0.36,0.759,19.8,0.052
191,NBA,1,8,SAC,Brian Grant,22.121,F,us,Xavier,1995,2006,1994,756,28.3,10.5,7.4,1.2,0.6,0.7,0.49,0.491,0.214,0.746,54.5,0.122
192,NBA,1,9,BOS,Eric Montross,22.285,C,us,UNC,1995,2002,1994,465,18.2,4.5,4.6,0.4,0.3,0.6,0.49,0.491,0,0.478,8.5,0.048
193,NBA,1,10,LAL,Eddie Jones,22.258,G-F,us,Temple,1995,2008,1994,954,34.4,14.8,4,2.9,1.7,0.6,0.437,0.474,0.373,0.809,100.6,0.147
194,NBA,1,11,SEA,Carlos Rogers,23.149,C-F,us,Tennessee State,1995,2002,1994,298,19,7.4,4.3,0.6,0.4,0.8,0.536,0.558,0.258,0.562,11.1,0.095
195,NBA,1,12,MIA,Khalid Reeves,21.354,G,us,Arizona,1995,2000,1994,277,21.1,7.8,2.1,3.2,0.8,0.1,0.416,0.446,0.363,0.744,8.4,0.069
196,NBA,1,13,DEN,Jalen Rose,21.155,G-F,us,Michigan,1995,2007,1994,923,30.3,14.3,3.5,3.8,0.8,0.3,0.443,0.464,0.355,0.801,47.2,0.081
197,NBA,1,15,IND,Eric Piatkowski,23.278,G-F,us,Nebraska,1995,2008,1994,789,18.5,7.5,2.2,1,0.5,0.1,0.434,0.464,0.399,0.839,31,0.102
198,NBA,1,16,GSW,Clifford Rozier,21.246,C-F,us,Louisville,1995,1998,1994,173,17.2,4.8,5.2,0.6,0.5,0.7,0.496,0.501,0.182,0.465,3.9,0.063
199,NBA,1,17,POR,Aaron McKie,21.275,G,us,Temple,1995,2007,1994,793,24.2,7.4,3.3,2.7,1.2,0.2,0.438,0.461,0.35,0.779,40,0.1
200,NBA,1,18,MIL,Eric Mobley,24.154,C,us,Pitt,1995,1997,1994,113,13.9,3.9,3.1,0.5,0.2,0.5,0.541,0.538,0.75,0.475,1.1,0.034
201,NBA,1,19,DAL,Tony Dumas,21.313,G,us,Missouri-Kansas City,1995,1998,1994,156,14.2,7.3,1.3,1.2,0.4,0.1,0.404,0.438,0.327,0.608,1.3,0.027
202,NBA,1,20,PHI,B.J. Tyler,23.066,G,us,Texas,1995,1995,1994,55,14.7,3.5,1.1,3.2,0.7,0,0.381,0.406,0.314,0.7,-0.7,-0.039
203,NBA,1,21,CHI,Dickey Simpkins,22.089,F,us,Providence,1995,2002,1994,327,15.9,4.2,3.6,0.9,0.3,0.2,0.44,0.442,0.222,0.618,4.7,0.044
204,NBA,1,22,SAS,Bill Curley,22.036,F,us,Boston College,1995,2001,1994,147,11,2.7,2,0.4,0.4,0.3,0.444,0.449,0.222,0.743,1.6,0.047
205,NBA,1,23,PHO,Wesley Person,23.099,G,us,Auburn,1995,2005,1994,733,28.3,11.2,3.3,1.7,0.8,0.3,0.457,0.484,0.418,0.778,44,0.102
206,NBA,1,24,NYK,Monty Williams,22.27,F,us,Notre Dame,1995,2003,1994,456,16.7,6.3,2.8,1.2,0.6,0.3,0.481,0.487,0.111,0.665,11.4,0.072
207,NBA,1,25,LAC,Greg Minor,22.29,G-F,us,Louisville,1995,1999,1994,277,18.6,6.9,2.7,1.4,0.6,0.2,0.478,0.495,0.226,0.767,8.2,0.077
208,NBA,1,26,NYK,Charlie Ward,23.266,G,us,Florida State,1995,2005,1994,630,22.3,6.3,2.6,4,1.2,0.2,0.408,0.455,0.364,0.771,33,0.113
209,NBA,1,27,ORL,Brooks Thompson,23.351,G,us,Oklahoma State,1995,1998,1994,168,10.2,4.5,0.9,1.7,0.5,0,0.409,0.456,0.376,0.647,2,0.057
210,NBA,2,30,MIN,Howard Eisley,21.212,G,us,Boston College,1995,2006,1994,786,20.4,6.5,1.7,3.5,0.7,0.1,0.407,0.434,0.35,0.827,19.5,0.058
211,NBA,2,32,WSB,Jim McIlvaine,21.339,C,us,Marquette,1995,2001,1994,401,14.8,2.7,3.1,0.3,0.3,1.7,0.446,0.45,0.1,0.551,9.4,0.076
212,NBA,2,33,PHI,Derrick Alston,21.318,F,us,Duquesne,1995,1997,1994,139,19.1,5.4,3.8,0.7,0.7,0.6,0.489,0.493,0.143,0.487,2.6,0.047
213,NBA,2,35,SAC,Michael Smith,22.098,F,us,Providence,1995,2001,1994,449,23.5,5.6,7.1,1.5,0.8,0.6,0.538,0.539,0.143,0.529,23.4,0.107
214,NBA,2,37,SEA,Dontonio Wingfield,20.011,F,us,Cincinnati,1995,1998,1994,114,10.1,3.7,2.4,0.7,0.3,0.1,0.389,0.437,0.309,0.721,1.8,0.074
215,NBA,2,38,CHH,Darrin Hancock,22.244,G-F,us,Kansas,1995,1997,1994,133,10.5,3.5,1.3,0.7,0.4,0.1,0.53,0.533,0.333,0.579,1.1,0.038
216,NBA,2,46,MIL,Voshon Lenard,21.051,G,us,Minnesota,1996,2006,1994,565,27.2,11.9,2.8,2.1,0.8,0.2,0.415,0.436,0.384,0.787,29.6,0.093
217,NBA,2,47,UTA,Jamie Watson,22.132,F,us,South Carolina,1995,1999,1994,102,12.2,3.2,1.5,1.1,0.6,0.2,0.468,0.494,0.316,0.694,1.2,0.045
218,NBA,2,51,SAC,Lawrence Funderburke,23.202,F,us,Ohio State,1998,2005,1994,318,14.9,6.4,3.6,0.6,0.3,0.3,0.506,0.51,0.118,0.675,12.9,0.131
219,NBA,2,52,PHO,Anthony Goldwire,22.302,G,us,Houston,1996,2006,1994,266,18.6,6.3,1.3,2.8,0.6,0,0.407,0.419,0.386,0.792,6.4,0.062
220,NBA,2,54,SEA,Željko Rebrača,22.086,C,rs,,2002,2006,1994,215,15.3,5.9,3.2,0.4,0.3,0.7,0.527,0.527,,0.792,8.3,0.121
221,NBA,1,1,ORL,Chris Webber,20.126,F-C,us,Michigan,1994,2008,1993,831,37.1,20.7,9.8,4.2,1.4,1.4,0.479,0.49,0.299,0.649,84.7,0.132
222,NBA,1,2,PHI,Shawn Bradley,21.105,C,de,BYU,1994,2005,1993,832,23.5,8.1,6.3,0.7,0.6,2.5,0.457,0.459,0.103,0.716,40.7,0.1
223,NBA,1,3,GSW,Anfernee Hardaway,21.353,G-F,us,Memphis,1994,2008,1993,704,33.7,15.2,4.5,5,1.6,0.4,0.458,0.489,0.316,0.774,61.9,0.125
224,NBA,1,4,DAL,Jamal Mashburn,20.218,F,us,Kentucky,1994,2004,1993,611,37.3,19.1,5.4,4,1,0.2,0.418,0.439,0.345,0.766,43.7,0.092
225,NBA,1,5,MIN,Isaiah Rider,22.116,G,us,UNLV,1994,2002,1993,563,31.7,16.7,3.8,2.7,0.7,0.2,0.443,0.471,0.352,0.812,22.8,0.061
226,NBA,1,6,WSB,Calbert Cheaney,21.354,G-F,us,Indiana,1994,2006,1993,825,26.7,9.5,3.2,1.7,0.8,0.2,0.466,0.483,0.298,0.691,23.1,0.05
227,NBA,1,7,SAC,Bobby Hurley,22.008,G,us,Duke,1994,1998,1993,269,15.5,3.8,1.1,3.3,0.4,0,0.353,0.377,0.272,0.769,-1.2,-0.014
228,NBA,1,8,MIL,Vin Baker,21.225,F,us,University of Hartford,1994,2006,1993,791,32.5,15,7.4,1.9,0.7,1,0.485,0.49,0.215,0.638,47,0.088
229,NBA,1,9,DEN,Rodney Rogers,22.016,F,us,Wake Forest,1994,2005,1993,866,25.3,10.9,4.5,2,1,0.5,0.451,0.486,0.347,0.69,38.8,0.085
230,NBA,1,10,DET,Lindsey Hunter,22.215,G,us,Jackson State University,1994,2010,1993,937,24.8,8.5,2.2,2.7,1.2,0.2,0.388,0.405,0.36,0.746,32.9,0.068
231,NBA,1,11,DET,Allan Houston,22.077,G,us,Tennessee,1994,2005,1993,839,33.7,17.3,2.9,2.4,0.7,0.2,0.444,0.46,0.402,0.863,55.3,0.094
232,NBA,1,12,LAL,George Lynch,22.306,F,us,UNC,1994,2005,1993,774,22.8,6.6,5,1.4,1.1,0.3,0.446,0.462,0.306,0.652,32.3,0.088
233,NBA,1,13,LAC,Terry Dehere,21.297,G,us,Seton Hall,1994,1999,1993,402,18.2,8,1.5,2.6,0.5,0.1,0.411,0.427,0.378,0.779,7.3,0.048
234,NBA,1,16,NJN,Rex Walters,23.116,G,us,Kansas,1994,2000,1993,335,13.7,4.6,1.2,1.7,0.4,0.1,0.441,0.495,0.361,0.809,6.3,0.066
235,NBA,1,17,CHH,Greg Graham,22.222,G,us,Indiana,1994,1998,1993,207,12.2,4.5,1.1,1,0.6,0.1,0.407,0.438,0.29,0.775,1.3,0.025
236,NBA,1,19,BOS,Acie Earl,23.013,F-C,us,Iowa,1994,1997,1993,193,13,5.1,2.7,0.3,0.3,0.7,0.403,0.407,0,0.667,0.3,0.005
237,NBA,1,20,CHH,Scott Burrell,22.175,G-F,us,UConn,1994,2001,1993,383,19.8,6.9,3.5,1.4,0.9,0.5,0.418,0.448,0.373,0.723,16.4,0.104
238,NBA,1,21,POR,James Robinson,22.309,G,us,Alabama,1994,2001,1993,381,18.2,7.6,1.7,1.9,0.5,0.2,0.394,0.43,0.348,0.666,5.8,0.04
239,NBA,1,22,CLE,Chris Mills,23.162,F,us,Arizona,1994,2003,1993,568,30.4,11.2,4.9,1.9,0.7,0.4,0.432,0.455,0.351,0.817,37.7,0.105
240,NBA,1,23,SEA,Ervin Johnson,25.198,C,us,New Orleans,1994,2006,1993,845,20.1,4.1,6.1,0.5,0.6,1.3,0.505,0.507,0.2,0.605,37.8,0.107
241,NBA,1,24,HOU,Sam Cassell,23.23,G,us,Florida State,1994,2008,1993,993,30,15.7,3.2,6,1.1,0.2,0.454,0.477,0.331,0.861,87.5,0.141
242,NBA,1,25,CHI,Corie Blount,24.183,F,us,Cincinnati,1994,2004,1993,644,15.4,3.6,4.2,0.7,0.5,0.4,0.471,0.475,0.115,0.587,18.2,0.088
243,NBA,2,28,DAL,Lucious Harris,22.2,G,us,Cal State Long Beach,1994,2005,1993,800,19.6,7.2,2.3,1.4,0.7,0.1,0.426,0.448,0.348,0.79,28.7,0.088
244,NBA,2,30,WSB,Gheorghe Mureșan,22.142,C,ro,,1994,2000,1993,307,21.9,9.8,6.4,0.5,0.6,1.5,0.573,0.574,0,0.644,19,0.136
245,NBA,2,37,LAL,Nick Van Exel,21.221,G,us,Cincinnati,1994,2006,1993,880,32.9,14.4,2.9,6.6,0.8,0.1,0.405,0.433,0.357,0.794,55.9,0.093
246,NBA,2,45,UTA,Bryon Russell,22.187,F,us,Cal State Long Beach,1994,2006,1993,841,23.5,7.9,3.5,1.3,1,0.2,0.431,0.465,0.369,0.75,47.4,0.115
247,NBA,2,47,SAS,Chris Whitney,21.274,G,us,Clemson,1994,2004,1993,579,17.4,6.5,1.4,2.8,0.6,0.1,0.395,0.427,0.361,0.875,21.2,0.101
248,NBA,2,52,SAC,Mike Peplowski,22.264,C,us,Michigan State,1994,1996,1993,68,10.4,2.9,2.6,0.4,0.3,0.4,0.556,0.56,0,0.531,1,0.067
249,NBA,1,1,ORL,Shaquille O'Neal,20.115,C,us,LSU,1993,2011,1992,1207,34.7,23.7,10.9,2.5,0.6,2.3,0.582,0.583,0.045,0.527,181.7,0.208
250,NBA,1,2,CHH,Alonzo Mourning,22.142,C,us,Georgetown,1993,2008,1992,838,31,17.1,8.5,1.1,0.5,2.8,0.527,0.53,0.247,0.692,89.7,0.166
251,NBA,1,3,MIN,Christian Laettner,22.317,F-C,us,Duke,1993,2005,1992,868,29.7,12.8,6.7,2.6,1.1,0.8,0.48,0.49,0.261,0.82,64.9,0.121
252,NBA,1,4,DAL,Jim Jackson,21.259,G,us,Ohio State,1993,2006,1992,885,32.8,14.3,4.7,3.2,0.8,0.2,0.428,0.445,0.365,0.825,35.8,0.059
253,NBA,1,5,DEN,LaPhonso Ellis,22.056,F,us,Notre Dame,1993,2003,1992,624,28.2,11.9,6.5,1.6,0.7,0.8,0.452,0.473,0.302,0.73,32.8,0.089
254,NBA,1,6,WSB,Tom Gugliotta,22.193,F,us,NC State,1993,2005,1992,763,30.9,13,7.3,2.8,1.4,0.6,0.451,0.467,0.284,0.757,40.2,0.082
255,NBA,1,7,SAC,Walt Williams,22.075,F-G,us,Maryland,1993,2003,1992,708,26.6,11.8,3.9,2.3,0.9,0.6,0.425,0.451,0.379,0.743,33.9,0.087
256,NBA,1,8,MIL,Todd Day,22.174,G-F,us,Arkansas,1993,2001,1992,483,25.3,12.3,3.4,1.5,1.1,0.6,0.406,0.435,0.345,0.739,17.5,0.069
257,NBA,1,9,PHI,Clarence Weatherspoon,21.295,F,us,Southern Miss,1993,2005,1992,915,30.3,11.5,7.5,1.5,1,0.9,0.471,0.473,0.196,0.743,58.4,0.101
258,NBA,1,10,ATL,Adam Keefe,22.128,F,us,Stanford,1993,2001,1992,617,16.7,5,4.1,0.7,0.5,0.3,0.502,0.505,0.071,0.714,24.9,0.116
259,NBA,1,11,HOU,Robert Horry,21.309,F,us,Alabama,1993,2008,1992,1107,24.5,7,4.8,2.1,1,0.9,0.425,0.469,0.341,0.726,66.3,0.118
260,NBA,1,12,MIA,Harold Miner,21.056,G,us,USC,1993,1996,1992,200,18.7,9,2.2,1.2,0.4,0.1,0.46,0.468,0.311,0.785,4.2,0.053
261,NBA,1,13,DEN,Bryant Stith,21.202,G,us,Virginia,1993,2002,1992,586,28,10.1,3.4,2,1,0.2,0.424,0.447,0.329,0.841,29.5,0.086
262,NBA,1,14,IND,Malik Sealy,22.149,G,us,St. John's,1993,2000,1992,493,23.8,10.1,3.2,1.7,1.1,0.3,0.426,0.445,0.292,0.809,17.1,0.07
263,NBA,1,15,LAL,Anthony Peeler,22.217,G,us,Missouri,1993,2005,1992,827,24.7,9.7,2.6,2.4,0.9,0.2,0.427,0.449,0.384,0.799,30.7,0.072
264,NBA,1,17,SEA,Doug Christie,22.052,G-F,us,Pepperdine,1993,2007,1992,827,31.5,11.2,4.1,3.6,1.9,0.5,0.426,0.456,0.354,0.821,55.7,0.102
265,NBA,1,18,SAS,Tracy Murray,20.34,F,us,UCLA,1993,2004,1992,659,18.4,9,2.5,0.8,0.5,0.2,0.43,0.457,0.388,0.829,24.1,0.096
266,NBA,1,19,DET,Don MacLean,22.165,F,us,UCLA,1993,2001,1992,319,20.9,10.9,3.8,1.3,0.4,0.2,0.455,0.467,0.284,0.765,9.4,0.067
267,NBA,1,20,NYK,Hubert Davis,22.044,G,us,UNC,1993,2004,1992,685,22.1,8.2,1.5,1.7,0.4,0.1,0.458,0.468,0.441,0.837,27.7,0.088
268,NBA,1,21,BOS,Jon Barry,22.34,G,us,Georgia Tech,1993,2006,1992,821,16.9,5.7,1.8,2.2,0.9,0.1,0.434,0.47,0.392,0.848,37.2,0.129
269,NBA,1,22,PHO,Oliver Miller,22.085,C,us,Arkansas,1993,2004,1992,493,23,7.4,5.9,2.2,0.9,1.5,0.534,0.541,0.116,0.639,21.1,0.089
270,NBA,1,23,MIL,Lee Mayberry,22.018,G,us,Arkansas,1993,1999,1992,496,20.8,5.1,1.3,3.6,0.7,0.1,0.415,0.446,0.377,0.659,7.9,0.036
271,NBA,1,24,GSW,Latrell Sprewell,21.295,G,us,Alabama,1993,2005,1992,913,38.6,18.3,4.1,4,1.4,0.4,0.425,0.451,0.337,0.804,56.3,0.077
272,NBA,1,25,LAC,Elmore Spencer,22.206,C,us,UNLV,1993,1997,1992,157,16.8,5.9,3.5,0.7,0.3,1.1,0.516,0.518,0,0.58,0,0.001
273,NBA,1,27,CHI,Byron Houston,22.22,F,us,Oklahoma State,1993,1996,1992,214,12.5,3.9,3,0.5,0.5,0.4,0.456,0.468,0.256,0.676,3.9,0.069
274,NBA,2,28,MIN,Marlon Maxey,23.131,F,us,Texas-El Paso,1993,1994,1992,98,11.7,4.9,3.7,0.2,0.3,0.5,0.542,0.547,0,0.685,2.6,0.109
275,NBA,2,29,NJN,P.J. Brown,22.259,F-C,us,Louisiana Tech,1994,2008,1992,1089,31.1,9.1,7.7,1.5,0.8,1,0.46,0.463,0.136,0.794,89.8,0.128
276,NBA,2,30,DAL,Sean Rooks,22.294,C,us,Arizona,1993,2004,1992,749,18.1,6.2,3.8,0.8,0.3,0.7,0.459,0.461,0.091,0.699,16.2,0.057
277,NBA,2,32,WSB,Brent Price,23.203,G,us,Oklahoma,1993,2002,1992,418,16.8,5.9,1.6,3,0.7,0,0.426,0.464,0.387,0.824,12,0.082
278,NBA,2,34,MIN,Chris Smith,22.044,G,us,UConn,1993,1995,1992,224,17.7,5.1,1.3,2.8,0.5,0.3,0.435,0.449,0.366,0.713,3.2,0.039
279,NBA,2,35,CHH,Tony Bennett,23.029,G,us,Green Bay,1993,1995,1992,152,12.4,3.5,1,2,0.5,0,0.412,0.446,0.335,0.732,1.6,0.041
280,NBA,2,41,HOU,Popeye Jones,22.013,F,us,Murray State,1994,2004,1992,535,23.5,7,7.4,1.3,0.6,0.3,0.447,0.451,0.281,0.751,22,0.084
281,NBA,2,42,MIA,Matt Geiger,22.293,C,us,Georgia Tech,1993,2002,1992,552,22.1,9.2,5.7,0.7,0.6,0.6,0.499,0.504,0.232,0.728,28.4,0.112
282,NBA,2,43,GSW,Sasha Danilović,22.124,G,ba,,1996,1997,1992,75,31.1,12.8,2.4,2,0.9,0.2,0.439,0.482,0.379,0.789,4.2,0.087
283,NBA,2,45,SEA,Chris King,22.341,F,us,Wake Forest,1994,1999,1992,103,20,6.7,3,1.1,0.7,0.3,0.423,0.433,0.383,0.633,1,0.023
284,NBA,2,50,GSW,Matt Fish,22.224,C,us,UNC Wilmington,1995,1997,1992,50,10.2,3.5,2.2,0.5,0.4,0.3,0.5,0.504,0,0.625,0.6,0.058
285,NBA,1,1,CHH,Larry Johnson,22.109,F,us,UNLV,1992,2001,1991,707,36.3,16.2,7.5,3.3,0.7,0.4,0.484,0.505,0.332,0.766,69.7,0.13
286,NBA,1,2,NJN,Kenny Anderson,20.265,G,us,Georgia Tech,1992,2005,1991,858,30.1,12.6,3.1,6.1,1.5,0.1,0.421,0.436,0.346,0.79,62.5,0.116
287,NBA,1,3,SAC,Billy Owens,22.061,F-G,us,Syracuse,1992,2001,1991,600,29.4,11.7,6.7,2.8,0.9,0.5,0.481,0.491,0.291,0.629,28.6,0.078
288,NBA,1,4,DEN,Dikembe Mutombo,25.007,C,cd,Georgetown,1992,2009,1991,1196,30.8,9.8,10.3,1,0.4,2.8,0.518,0.518,0,0.684,117,0.153
289,NBA,1,5,MIA,Steve Smith,22.092,G,us,Michigan State,1992,2005,1991,942,30.6,14.3,3.2,3.1,0.8,0.3,0.44,0.476,0.358,0.845,83.7,0.139
290,NBA,1,6,DAL,Doug Smith,21.287,F,us,Missouri,1992,1996,1991,296,19.7,8,4.2,1.4,0.8,0.5,0.425,0.43,0.083,0.773,3,0.024
291,NBA,1,7,MIN,Luc Longley,22.163,C,au,New Mexico,1992,2001,1991,567,21.2,7.2,4.9,1.5,0.5,1,0.462,0.463,0,0.76,17.5,0.07
292,NBA,1,8,DEN,Mark Macon,22.078,G,us,Temple,1992,1999,1991,251,20,6.7,1.9,1.7,1.4,0.1,0.384,0.393,0.27,0.735,0.1,0.001
293,NBA,1,9,ATL,Stacey Augmon,22.334,F-G,us,UNLV,1992,2006,1991,1001,21.6,8,3.2,1.6,1,0.3,0.469,0.473,0.152,0.728,43.8,0.097
294,NBA,1,10,ORL,Bison Dele,22.086,F-C,us,Arizona,1992,1999,1991,413,24.2,11,6.2,1.1,0.8,0.9,0.528,0.529,0.143,0.691,22.8,0.109
295,NBA,1,11,CLE,Terrell Brandon,21.042,G,us,Oregon,1992,2002,1991,724,29.8,13.8,3,6.1,1.6,0.3,0.448,0.462,0.355,0.873,65.9,0.147
296,NBA,1,12,NYK,Greg Anthony,23.229,G,us,UNLV,1992,2002,1991,757,20.9,7.3,1.9,4,1.2,0.1,0.403,0.434,0.349,0.733,35.9,0.109
297,NBA,1,13,IND,Dale Davis,22.098,F-C,us,Clemson,1992,2007,1991,1094,27.1,8,7.9,0.9,0.6,1.2,0.53,0.53,0,0.562,86.9,0.141
298,NBA,1,15,ATL,Anthony Avent,21.256,F,us,Seton Hall,1993,2000,1991,352,19.1,5.6,4.5,0.8,0.5,0.6,0.403,0.404,0,0.686,0.3,0.002
299,NBA,1,16,GSW,Chris Gatling,23.302,F-C,us,Old Dominion,1992,2002,1991,700,19.7,10.3,5.3,0.7,0.7,0.5,0.513,0.523,0.249,0.66,32.1,0.112
300,NBA,1,17,GSW,Victor Alexander,21.304,C-F,us,Iowa State,1992,2002,1991,286,20.1,8.9,4.8,0.9,0.5,0.6,0.518,0.525,0.286,0.634,8.8,0.073
301,NBA,1,19,WSB,LaBradford Smith,22.089,G,us,Louisville,1992,1994,1991,183,17.1,6.7,1.5,2.2,0.8,0.1,0.432,0.446,0.298,0.813,1.5,0.024
302,NBA,1,21,UTA,Eric Murdock,23.017,G,us,Providence,1992,2000,1991,508,23.4,10.1,2.5,4.9,1.6,0.1,0.438,0.462,0.343,0.786,25.6,0.103
303,NBA,1,23,ORL,Stanley Roberts,21.144,C,us,LSU,1992,2000,1991,300,19.6,8.5,5.2,0.6,0.4,1.3,0.499,0.499,0,0.514,8.1,0.066
304,NBA,1,24,BOS,Rick Fox,21.342,F-G,ca,UNC,1992,2004,1991,930,25.5,9.6,3.8,2.8,1,0.4,0.45,0.492,0.349,0.77,44.7,0.09
305,NBA,1,27,SAC,Pete Chilcutt,22.29,F-C,us,UNC,1992,2000,1991,584,14.4,4.3,3.3,0.8,0.5,0.4,0.441,0.457,0.381,0.696,10.6,0.06
306,NBA,2,28,CHH,Kevin Lynch,22.189,G-F,us,Minnesota,1992,1993,1991,95,12,3.3,1.3,1.1,0.5,0.2,0.436,0.44,0.333,0.726,0.4,0.016
307,NBA,2,31,SAC,Randy Brown,23.04,G,us,New Mexico State,1992,2003,1991,655,17.6,4.8,1.8,2.2,1.1,0.2,0.417,0.426,0.2,0.691,11,0.046
308,NBA,2,33,DAL,Donald Hodge,22.126,C,us,Temple,1992,1996,1991,249,14.1,4.7,3.2,0.8,0.3,0.4,0.437,0.439,0.286,0.711,1.8,0.025
309,NBA,2,35,DAL,Mike Iuzzolino,23.161,G,us,Saint Francis University,1992,1993,1991,122,25,9,2,4.3,0.7,0.1,0.457,0.485,0.404,0.798,3.7,0.058
310,NBA,2,36,ORL,Chris Corchiani,23.095,G,us,NC State,1992,1994,1991,112,11.7,3.7,1.2,2.2,0.7,0,0.421,0.472,0.269,0.816,1.6,0.058
311,NBA,2,37,LAC,Elliot Perry,22.095,G,us,Memphis,1992,2002,1991,549,17.3,6.3,1.4,3.1,1,0,0.459,0.474,0.359,0.783,14,0.071
312,NBA,2,39,CLE,Jimmy Oliver,21.354,G-F,us,Purdue,1992,1999,1991,78,11,4.2,1,0.7,0.3,0,0.407,0.418,0.34,0.772,0.3,0.018
313,NBA,2,40,DET,Doug Overton,21.332,G,us,La Salle,1993,2004,1991,499,14.6,4.5,1.3,2.1,0.4,0,0.412,0.43,0.319,0.816,2.5,0.016
314,NBA,2,45,MIL,Bobby Phills,21.193,G,us,Southern University and A&M College,1992,2000,1991,467,28.7,11,3.1,2.7,1.3,0.3,0.443,0.456,0.39,0.738,27.2,0.097
315,NBA,2,46,PHO,Richard Dumas,22.043,F,us,Oklahoma State,1993,1996,1991,102,21.8,10.6,3.4,1.1,1.3,0.5,0.509,0.514,0.231,0.694,4.5,0.097
316,NBA,2,48,UTA,Isaac Austin,21.317,C,us,Arizona State,1992,2002,1991,432,19.3,7.6,4.7,1.2,0.5,0.5,0.446,0.451,0.176,0.67,9.2,0.053
317,NBA,2,49,SAS,Greg Sutton,23.211,G,us,Oral Roberts,1992,1996,1991,168,11.6,4.5,0.9,1.7,0.5,0.1,0.396,0.426,0.361,0.743,1,0.024
318,NBA,2,51,HOU,Žan Tabak,21.016,C,hr,,1995,2001,1991,247,14.6,5,3.6,0.7,0.3,0.5,0.506,0.507,0,0.525,2.4,0.032
319,NBA,1,1,NJN,Derrick Coleman,23.012,F-C,us,Syracuse,1991,2005,1990,781,33.2,16.5,9.3,2.5,0.8,1.3,0.447,0.465,0.295,0.769,64.3,0.119
320,NBA,1,2,SEA,Gary Payton,21.344,G,us,Oregon State,1991,2007,1990,1335,35.3,16.3,3.9,6.7,1.8,0.2,0.466,0.501,0.317,0.729,145.5,0.148
321,NBA,1,3,DEN,Mahmoud Abdul-Rauf,21.115,G,us,LSU,1991,2001,1990,586,26.7,14.6,1.9,3.5,0.8,0.1,0.442,0.46,0.354,0.905,25.2,0.077
322,NBA,1,4,ORL,Dennis Scott,21.3,F,us,Georgia Tech,1991,2000,1990,629,28.6,12.9,2.8,2.1,0.8,0.3,0.417,0.431,0.397,0.793,33.4,0.089
323,NBA,1,5,CHH,Kendall Gill,22.038,G,us,Illinois,1991,2005,1990,966,30.5,13.4,4.1,3,1.6,0.4,0.434,0.448,0.3,0.754,47.8,0.078
324,NBA,1,6,MIN,Felton Spencer,22.169,C,us,Louisville,1991,2002,1990,640,19.2,5.2,5.4,0.3,0.4,0.8,0.484,0.484,0,0.658,20.9,0.081
325,NBA,1,7,SAC,Lionel Simmons,21.23,F-G,us,La Salle,1991,1997,1990,454,29.7,12.8,6.2,3.3,1.1,0.8,0.433,0.436,0.305,0.771,16.9,0.06
326,NBA,1,8,LAC,Bo Kimble,24.085,G,us,Loyola Marymount,1991,1993,1990,105,12.7,5.5,1.5,0.9,0.4,0.1,0.386,0.403,0.291,0.728,0.1,0.004
327,NBA,1,9,MIA,Willie Burton,22.037,F-G,us,Minnesota,1991,1999,1990,316,21.1,10.3,2.9,1.2,0.6,0.4,0.424,0.439,0.345,0.786,9.1,0.065
328,NBA,1,10,ATL,Rumeal Robinson,23.232,G,jm,Michigan,1991,1997,1990,336,18.1,7.6,1.8,3.5,0.9,0.2,0.432,0.447,0.344,0.611,5.2,0.041
329,NBA,1,11,GSW,Tyrone Hill,22.105,F,us,Xavier,1991,2004,1990,801,28,9.4,8.6,0.8,0.8,0.5,0.502,0.503,0,0.643,56.2,0.12
330,NBA,1,12,HOU,Alec Kessler,23.171,F-C,us,Georgia,1991,1994,1990,210,14,5.2,3.6,0.4,0.2,0.3,0.426,0.426,0.417,0.744,2,0.033
331,NBA,1,13,LAC,Loy Vaught,22.126,F,us,Michigan,1991,2001,1990,689,24.7,10.1,7.1,0.9,0.7,0.3,0.504,0.508,0.244,0.718,35.8,0.101
332,NBA,1,14,SAC,Travis Mays,22.013,G,us,Texas,1991,1993,1990,115,25.8,11.1,2,2.8,0.9,0.1,0.41,0.428,0.362,0.749,2.4,0.039
333,NBA,1,16,MIL,Terry Mills,22.194,F,us,Michigan,1991,2001,1990,678,24.2,10.6,5.4,1.3,0.6,0.4,0.457,0.478,0.384,0.781,33.3,0.097
334,NBA,1,17,NYK,Jerrod Mustaf,20.247,F-C,us,Maryland,1991,1994,1990,179,10.6,4,2.5,0.6,0.3,0.3,0.449,0.45,0,0.648,1.7,0.043
335,NBA,1,18,SAC,Duane Causwell,22.032,C,us,Temple,1991,2001,1990,541,17.4,4.9,4.2,0.4,0.4,1.4,0.507,0.508,0.286,0.618,15.8,0.081
336,NBA,1,19,BOS,Dee Brown,21.215,G,us,Jacksonville University,1991,2002,1990,608,27.7,11.1,2.6,3.7,1.3,0.3,0.436,0.469,0.357,0.825,33.4,0.095
337,NBA,1,20,MIN,Gerald Glass,22.233,G-F,us,Ole Miss,1991,1996,1990,201,16.7,7.7,2.5,1.5,0.6,0.3,0.433,0.448,0.236,0.643,1.8,0.025
338,NBA,1,21,PHO,Jayson Williams,22.131,F-C,us,St. John's,1991,1999,1990,475,20.6,7.3,7.5,0.6,0.4,0.6,0.44,0.442,0.125,0.606,20,0.098
339,NBA,1,22,NJN,Tate George,22.034,G,us,UConn,1991,1995,1990,177,11.4,4.2,1,1.8,0.4,0.1,0.414,0.421,0.071,0.82,1.3,0.032
340,NBA,1,23,SAC,Anthony Bonner,22.024,F,us,Saint Louis,1991,1996,1990,318,23.2,6.9,5.4,1.4,1.1,0.3,0.468,0.471,0.125,0.59,10.8,0.07
341,NBA,1,25,POR,Alaa Abdelnaby,22.008,F-C,eg,Duke,1991,1995,1990,256,12.5,5.7,3.3,0.3,0.3,0.3,0.502,0.503,0,0.701,4.8,0.072
342,NBA,1,27,LAL,Elden Campbell,21.344,C,us,Clemson,1991,2005,1990,1044,24.7,10.3,5.9,1.1,0.7,1.5,0.46,0.461,0.054,0.699,62.8,0.117
343,NBA,2,29,CHI,Toni Kukoč,21.287,F,hr,,1994,2006,1990,846,26.3,11.6,4.2,3.7,1,0.3,0.447,0.488,0.335,0.729,59.6,0.129
344,NBA,2,30,MIA,Carl Herrera,23.201,F,tt,Houston,1992,1999,1990,465,17.3,5.3,3.6,0.6,0.5,0.4,0.476,0.478,0.143,0.643,9,0.054
345,NBA,2,31,PHO,Negele Knight,23.119,G,us,Dayton,1991,1999,1990,276,16.4,6.2,1.3,2.8,0.4,0.1,0.436,0.447,0.263,0.73,4.2,0.044
346,NBA,2,32,PHI,Brian Oliver,22.031,G,us,Georgia Tech,1991,1998,1990,118,10,3.3,1,1,0.4,0.1,0.388,0.397,0.227,0.705,-0.5,-0.02
347,NBA,2,34,GSW,Kevin Pritchard,22.351,G,us,Kansas,1991,1996,1990,94,12,3.6,1,1.6,0.4,0.1,0.399,0.435,0.186,0.79,0.4,0.017
348,NBA,2,35,WSB,Greg Foster,21.272,F-C,us,Texas-El Paso,1991,2003,1990,656,12.2,3.9,2.6,0.5,0.1,0.3,0.44,0.448,0.225,0.748,5.6,0.033
349,NBA,2,36,ATL,Trevor Wilson,22.108,F,us,UCLA,1991,1996,1990,103,15.6,5.7,3.4,1,0.5,0.1,0.456,0.459,0,0.567,0.8,0.023
350,NBA,2,37,WSB,A.J. English,22.357,G,us,Virginia Union University,1991,1992,1990,151,20.6,9.9,2.1,2.1,0.4,0.2,0.435,0.449,0.138,0.778,1.1,0.017
351,NBA,2,38,SEA,Jud Buechler,22.013,F-G,us,Arizona,1991,2002,1990,720,11.7,3.3,1.8,0.8,0.4,0.2,0.433,0.464,0.366,0.633,16.5,0.094
352,NBA,2,40,SAC,Bimbo Coles,22.071,G,us,Virginia Tech,1991,2004,1990,852,23.8,7.8,2.1,3.9,0.9,0.2,0.425,0.455,0.267,0.811,27.4,0.065
353,NBA,2,42,DEN,Marcus Liberty,21.248,F,us,Illinois,1991,1994,1990,267,17.1,7.3,3.5,0.9,0.7,0.3,0.417,0.426,0.34,0.664,4,0.042
354,NBA,2,43,SAS,Tony Massenburg,22.337,F,us,Maryland,1991,2005,1990,683,18,6.2,4.3,0.4,0.4,0.5,0.47,0.471,0.091,0.705,15.6,0.061
355,NBA,2,45,IND,Antonio Davis,21.244,F-C,us,Texas-El Paso,1994,2006,1990,903,28.9,10,7.5,1.1,0.5,1,0.448,0.449,0.087,0.727,59.6,0.11
356,NBA,2,46,IND,Kenny Williams,21.023,F,us,Elizabeth City State University,1991,1994,1990,260,11.2,4.8,2.7,0.6,0.3,0.6,0.511,0.518,0,0.68,7.4,0.122
357,NBA,2,47,PHI,Derek Strong,22.144,F,us,Xavier,1992,2001,1990,456,18.7,6.8,4.9,0.6,0.4,0.2,0.43,0.436,0.18,0.786,18.5,0.104
358,NBA,2,48,PHO,Cedric Ceballos,20.334,F,us,Cal State Fullerton,1991,2001,1990,609,24.2,14.3,5.3,1.2,0.7,0.3,0.5,0.524,0.309,0.753,40.4,0.132
359,NBA,2,51,LAL,Tony Smith,22.018,G,us,Marquette,1991,2001,1990,457,16,5.5,1.6,1.9,0.7,0.2,0.431,0.455,0.307,0.69,6.7,0.044
360,NBA,2,54,SAS,Sean Higgins,21.184,G-F,us,Michigan,1991,1998,1990,220,15.2,6.3,1.8,1,0.3,0.1,0.428,0.459,0.321,0.85,0.4,0.006
361,NBA,1,1,SAC,Pervis Ellison,22.091,F-C,us,Louisville,1990,2001,1989,474,24.5,9.5,6.7,1.5,0.6,1.6,0.51,0.513,0.05,0.689,21.8,0.09
362,NBA,1,2,LAC,Danny Ferry,22.259,F,us,Duke,1991,2003,1989,917,19.8,7,2.8,1.3,0.4,0.3,0.446,0.47,0.393,0.84,34.8,0.092
363,NBA,1,3,SAS,Sean Elliott,21.151,F,us,Arizona,1990,2001,1989,742,33,14.2,4.3,2.6,0.8,0.4,0.465,0.486,0.375,0.799,55.7,0.109
364,NBA,1,4,MIA,Glen Rice,22.036,F,us,Michigan,1990,2004,1989,1000,35,18.3,4.4,2.1,1,0.3,0.456,0.476,0.4,0.846,88.7,0.122
365,NBA,1,5,CHH,J.R. Reid,21.093,F,us,UNC,1990,2001,1989,672,22.9,8.5,5,1,0.8,0.4,0.472,0.475,0.135,0.716,22.5,0.07
366,NBA,1,6,CHI,Stacey King,22.155,F-C,us,Oklahoma,1990,1997,1989,438,16.9,6.4,3.3,0.9,0.4,0.5,0.478,0.48,0.235,0.707,10.9,0.071
367,NBA,1,7,IND,George McCloud,22.037,G-F,us,Florida State,1990,2002,1989,766,22.8,9,3.1,2.3,0.8,0.2,0.402,0.434,0.358,0.81,24.6,0.068
368,NBA,1,8,DAL,Randy White,21.241,F,us,Louisiana Tech,1990,1994,1989,281,19.2,7.4,4.9,0.6,0.7,0.5,0.401,0.417,0.193,0.707,1.9,0.017
369,NBA,1,9,WSB,Tom Hammonds,22.098,F,us,Georgia Tech,1990,2001,1989,687,15.2,5.3,3.3,0.6,0.2,0.2,0.48,0.481,0,0.691,14.7,0.068
370,NBA,1,10,MIN,Pooh Richardson,23.05,G,us,UCLA,1990,1999,1989,639,30.4,11.1,2.8,6.5,1.3,0.2,0.444,0.465,0.329,0.652,26.7,0.066
371,NBA,1,11,ORL,Nick Anderson,21.164,F-G,us,Illinois,1990,2002,1989,800,31.2,14.4,5.1,2.6,1.4,0.5,0.446,0.485,0.356,0.667,55.3,0.106
372,NBA,1,12,NJN,Mookie Blaylock,22.105,G,us,Oklahoma,1990,2002,1989,889,34.9,13.5,4.1,6.7,2.3,0.3,0.409,0.445,0.336,0.736,71.8,0.111
373,NBA,1,14,GSW,Tim Hardaway,22.305,G,us,Texas-El Paso,1990,2003,1989,867,35.3,17.7,3.3,8.2,1.6,0.1,0.431,0.469,0.355,0.782,85,0.133
374,NBA,1,15,DEN,Todd Lichti,22.176,G-F,us,Stanford,1990,1994,1989,237,17.9,7.9,2.1,1.4,0.8,0.2,0.46,0.471,0.244,0.789,5.6,0.063
375,NBA,1,16,SEA,Dana Barros,22.081,G,us,Boston College,1990,2004,1989,850,22.9,10.5,1.9,3.3,0.9,0.1,0.46,0.488,0.411,0.858,49.6,0.122
376,NBA,1,17,SEA,Shawn Kemp,19.218,F-C,us,Trinity Valley CC,1990,2003,1989,1051,27.9,14.6,8.4,1.6,1.1,1.2,0.488,0.49,0.277,0.741,89.5,0.147
377,NBA,1,18,CHI,B.J. Armstrong,21.297,G,us,Iowa,1990,2000,1989,747,23.8,9.8,1.8,3.3,0.7,0.1,0.477,0.487,0.425,0.856,45,0.121
378,NBA,1,21,UTA,Blue Edwards,23.245,G-F,us,East Carolina University,1990,1999,1989,704,26.1,10.8,3.4,2,1,0.4,0.475,0.498,0.335,0.779,24.2,0.063
379,NBA,1,24,PHO,Anthony Cook,22.106,F-C,us,Arizona,1991,1996,1989,116,12.9,3.6,3.7,0.3,0.4,0.8,0.439,0.446,0,0.524,1,0.033
380,NBA,1,25,CLE,John Morton,22.046,G,us,Seton Hall,1990,1992,1989,128,14.7,4.8,1.3,2.7,0.7,0.2,0.386,0.406,0.224,0.787,0.5,0.013
381,NBA,1,26,LAL,Vlade Divac,21.15,C,rs,,1990,2005,1989,1134,29.8,11.8,8.2,3.1,1.1,1.4,0.495,0.506,0.235,0.692,96.4,0.137
382,NBA,1,27,DET,Kenny Battle,24.266,F,us,Illinois,1990,1993,1989,134,13.4,4.7,2.4,0.8,0.7,0.2,0.504,0.529,0.133,0.725,3.7,0.098
383,NBA,2,28,MIA,Sherman Douglas,22.291,G,us,Syracuse,1990,2001,1989,765,27.6,11,2.2,5.9,1,0.1,0.484,0.504,0.267,0.678,32.9,0.075
384,NBA,2,31,LAC,Jeff Martin,22.17,G,us,Murray State,1990,1991,1989,143,18.8,6.7,2,0.8,0.5,0.3,0.417,0.434,0.282,0.694,2.1,0.038
385,NBA,2,35,DAL,Pat Durham,22.115,F,us,Colorado State,1993,1995,1989,64,14.5,5,1.7,0.9,0.6,0.5,0.469,0.5,0.192,0.667,0.7,0.037
386,NBA,2,36,POR,Clifford Robinson,22.199,F-C,us,UConn,1990,2007,1989,1380,30.8,14.2,4.6,2.2,1,1,0.438,0.459,0.356,0.689,89.7,0.101
387,NBA,2,37,ORL,Michael Ansley,22.145,F,us,Alabama,1990,1992,1989,149,14.4,6.9,4.2,0.4,0.3,0.2,0.513,0.513,,0.722,6.4,0.142
388,NBA,2,38,MIN,Doug West,22.037,G-F,us,Villanova,1990,2001,1989,676,24.6,9.6,2.5,1.9,0.7,0.3,0.481,0.491,0.191,0.801,17.7,0.051
389,NBA,2,40,BOS,Dino Rađa,22.07,F-C,hr,,1994,1997,1989,224,32.6,16.7,8.4,1.6,0.9,1.3,0.497,0.497,0,0.735,14.3,0.094
390,NBA,2,43,CLE,Chucky Brown,21.124,F,us,NC State,1990,2002,1989,694,17.2,5.9,3.1,0.8,0.3,0.3,0.491,0.499,0.227,0.699,19,0.076
391,NBA,2,45,MIA,Scott Haffner,23.151,G,us,University of Evansville,1990,1991,1989,50,12.2,4.3,1.1,1.8,0.3,0.1,0.403,0.433,0.13,0.667,-0.1,-0.012
392,NBA,2,49,ATL,Haywoode Workman,23.161,G,us,Oral Roberts,1990,2000,1989,359,20.1,5.5,2.3,3.9,1,0.1,0.419,0.444,0.323,0.764,10.7,0.071
393,NBA,2,50,NYK,Brian Quinnett,23.034,F,us,Washington State,1990,1992,1989,138,11.1,3.4,1.6,0.6,0.3,0.2,0.414,0.434,0.326,0.677,0.9,0.027
394,NBA,2,52,PHO,Greg Grant,22.308,G,us,Trenton State University,1990,1996,1989,274,12.2,2.8,0.9,2.7,0.6,0,0.383,0.405,0.281,0.71,1.6,0.023
395,NBA,1,1,LAC,Danny Manning,22.048,F-C,us,Kansas,1989,2003,1988,883,27.4,14,5.2,2.3,1.1,0.9,0.511,0.517,0.206,0.729,55.1,0.109
396,NBA,1,2,IND,Rik Smits,21.315,C,nl,Marist College,1989,2000,1988,867,26.6,14.8,6.1,1.4,0.4,1.3,0.507,0.508,0.115,0.773,56.6,0.118
397,NBA,1,3,PHI,Charles Smith,22.353,F-C,us,Pitt,1989,1997,1988,564,29,14.4,5.8,1.4,0.8,1.4,0.475,0.479,0.194,0.774,40.9,0.12
398,NBA,1,4,NJN,Chris Morris,22.165,F,us,Auburn,1989,1999,1988,747,25.1,11,4.7,1.6,1.2,0.7,0.441,0.48,0.306,0.739,37.4,0.096
399,NBA,1,5,GSW,Mitch Richmond,23.004,G,us,Kansas State,1989,2002,1988,976,35.2,21,3.9,3.5,1.2,0.3,0.455,0.474,0.388,0.85,79.3,0.111
400,NBA,1,6,LAC,Hersey Hawkins,21.278,G,us,Bradley,1989,2001,1988,983,32.6,14.7,3.6,2.9,1.7,0.3,0.461,0.488,0.394,0.87,90.6,0.136
401,NBA,1,7,PHO,Tim Perry,23.03,F-C,us,Temple,1989,1996,1988,481,19.6,6.8,4,0.9,0.5,0.9,0.485,0.504,0.318,0.648,14.6,0.074
402,NBA,1,8,CHH,Rex Chapman,20.272,G,us,Kentucky,1989,2000,1988,666,29.3,14.6,2.5,2.7,0.9,0.2,0.43,0.459,0.35,0.8,24.7,0.061
403,NBA,1,9,MIA,Rony Seikaly,23.055,C,lb,Syracuse,1989,1999,1988,678,31.6,14.7,9.5,1.3,0.7,1.3,0.484,0.485,0.188,0.679,37.3,0.084
404,NBA,1,10,SAS,Willie Anderson,21.177,G-F,us,Georgia,1989,1997,1988,555,28.8,12.2,3.8,3.8,1.1,0.6,0.471,0.485,0.266,0.786,27.9,0.084
405,NBA,1,11,CHI,Will Perdue,22.309,C,us,Vanderbilt,1989,2001,1988,792,15.6,4.7,4.9,0.8,0.3,0.7,0.515,0.518,0.067,0.577,26.6,0.103
406,NBA,1,12,WSB,Harvey Grant,23,F,us,Oklahoma,1989,1999,1988,783,26.2,9.9,4.4,1.6,0.8,0.5,0.469,0.476,0.267,0.709,36.4,0.085
407,NBA,1,13,MIL,Jeff Grayer,22.199,F-G,us,Iowa State,1989,1998,1988,438,18.9,7.4,3,1.4,0.6,0.1,0.457,0.467,0.255,0.663,9,0.052
408,NBA,1,14,PHO,Dan Majerle,22.298,G-F,us,Central Michigan University,1989,2002,1988,955,31.6,11.4,4.5,2.9,1.3,0.4,0.431,0.482,0.358,0.741,78.5,0.125
409,NBA,1,15,SEA,Gary Grant,23.074,G,us,Michigan,1989,2001,1988,552,22.8,7.9,2.3,5.5,1.5,0.1,0.45,0.466,0.278,0.776,12,0.046
410,NBA,1,16,HOU,Derrick Chievous,21.001,F,us,Missouri,1989,1991,1988,154,14.5,7.1,2.4,0.7,0.5,0.1,0.443,0.451,0.242,0.755,2.7,0.057
411,NBA,1,17,UTA,Eric Leckner,22.038,C-F,us,Wyoming,1989,1997,1988,449,12.1,4.1,3.2,0.5,0.2,0.3,0.508,0.51,0,0.669,6.2,0.054
412,NBA,1,18,SAC,Ricky Berry,23.271,F,us,San Jose State,1989,1989,1988,64,22,11,3.1,1.3,0.6,0.3,0.45,0.467,0.406,0.789,2.4,0.083
413,NBA,1,19,NYK,Rod Strickland,21.358,G,us,DePaul,1989,2005,1988,1094,30.7,13.2,3.7,7.3,1.5,0.2,0.454,0.465,0.282,0.721,85.8,0.122
414,NBA,1,20,MIA,Kevin Edwards,22.247,G,us,DePaul,1989,2001,1988,604,25.4,10.9,2.7,2.7,1.4,0.3,0.423,0.431,0.335,0.803,12.5,0.039
415,NBA,1,21,POR,Mark Bryant,23.07,F-C,us,Seton Hall,1989,2003,1988,797,16.9,5.4,3.8,0.6,0.4,0.2,0.5,0.501,0.083,0.697,26.1,0.093
416,NBA,1,22,CLE,Randolph Keys,22.076,F-G,us,Southern Miss,1989,1996,1988,241,13.8,5.2,2.3,0.8,0.6,0.2,0.425,0.445,0.272,0.721,2.3,0.034
417,NBA,1,23,DEN,Jerome Lane,21.212,F,us,Pitt,1989,1993,1988,218,14.7,5.3,5.8,1.5,0.6,0.2,0.441,0.447,0.063,0.379,2.3,0.034
418,NBA,1,24,BOS,Brian Shaw,22.104,G,us,UC Santa Barbara,1989,2003,1988,943,23,6.9,3.4,4.2,0.8,0.3,0.403,0.431,0.304,0.782,23.8,0.053
419,NBA,1,25,LAL,David Rivers,23.165,G,us,Notre Dame,1989,1992,1988,114,11.3,3.4,1.3,2.5,0.5,0.1,0.398,0.409,0.083,0.794,-0.3,-0.01
420,NBA,2,27,SAS,Shelton Jones,22.089,F,us,St. John's,1989,1989,1988,51,13.4,4.8,2.2,0.8,0.4,0.3,0.445,0.447,0,0.725,0.3,0.022
421,NBA,2,28,PHO,Andrew Lang,22.006,C,us,Arkansas,1989,2000,1988,737,20.8,6,4.8,0.6,0.5,1.5,0.47,0.471,0.25,0.744,28.6,0.089
422,NBA,2,29,SAC,Vinny Del Negro,21.329,G,us,NC State,1989,2002,1988,771,24.9,9.1,2.3,3.2,0.7,0.1,0.475,0.489,0.359,0.84,40.6,0.101
423,NBA,2,32,NJN,Charles Shackleford,22.073,F-C,us,NC State,1989,1999,1988,303,15.2,5.4,4.8,0.6,0.4,0.5,0.483,0.485,0,0.654,7.3,0.076
424,NBA,2,33,MIA,Grant Long,22.114,F,us,Eastern Michigan,1989,2003,1988,1003,28.4,9.5,6.1,1.7,1.2,0.4,0.467,0.474,0.283,0.761,60.1,0.101
425,NBA,2,34,CHH,Tom Tolbert,22.261,F-C,us,Arizona,1989,1995,1988,312,18.2,6.5,4,0.9,0.4,0.3,0.46,0.47,0.296,0.716,6.6,0.056
426,NBA,2,35,MIA,Sylvester Gray,20.361,F,us,Memphis,1989,1989,1988,55,22.2,8,5.2,2.1,0.7,0.5,0.42,0.421,0.25,0.673,0.7,0.028
427,NBA,2,36,WSB,Ledell Eackles,21.222,G-F,us,New Orleans,1989,1998,1988,441,20.2,10.8,2.2,1.7,0.6,0.1,0.445,0.457,0.336,0.767,10.8,0.058
428,NBA,2,38,PHO,Dean Garrett,21.219,C,us,Indiana,1997,2002,1988,359,19.4,4.8,5,0.6,0.5,1,0.48,0.48,,0.677,14.1,0.097
429,NBA,2,45,LAC,Tom Garrick,21.362,G,us,Rhode Island,1989,1992,1988,251,18.8,5.4,2,3.4,1.1,0.1,0.469,0.49,0.083,0.775,5.9,0.06
430,NBA,2,46,DAL,Morlon Wiley,21.283,G,us,Cal State Long Beach,1989,1995,1988,295,13,3.7,1.2,2.4,0.8,0.1,0.412,0.444,0.354,0.707,2.7,0.034
431,NBA,2,47,DEN,Vernon Maxwell,22.295,G,us,Florida,1989,2001,1988,855,28.4,12.8,2.6,3.4,1.1,0.2,0.398,0.45,0.32,0.733,27.4,0.054
432,NBA,2,48,DET,Micheal Williams,21.346,G,us,Baylor,1989,1999,1988,413,25.2,11,2.5,5.8,1.7,0.2,0.464,0.481,0.227,0.868,28.5,0.132
433,NBA,2,50,PHO,Steve Kerr,22.28,G,lb,Arizona,1989,2003,1988,910,17.8,6,1.2,1.8,0.5,0.1,0.479,0.494,0.454,0.864,47.2,0.14
434,NBA,3,53,POR,Anthony Mason,21.202,F,us,Tennessee State,1990,2003,1988,882,34.7,10.9,8.3,3.4,0.7,0.3,0.509,0.51,0.167,0.709,88.3,0.138
435,NBA,3,64,CLE,Winston Bennett,23.145,F,us,Kentucky,1990,1992,1988,136,15.9,4.8,3,0.9,0.4,0.2,0.425,0.426,0,0.694,1.7,0.037
436,NBA,3,65,SEA,Corey Gaines,23.033,G,us,Loyola Marymount,1989,1995,1988,80,12.5,3.1,0.9,3.1,0.5,0.1,0.424,0.479,0.229,0.736,1.1,0.052
437,NBA,3,74,BOS,Gerald Paddio,23.074,F-G,us,UNLV,1991,1994,1988,129,12.6,5.5,1.4,1,0.3,0.1,0.421,0.429,0.242,0.746,0.1,0.002
438,NBA,1,1,SAS,David Robinson,21.325,C,us,United States Naval Academy,1990,2003,1987,987,34.7,21.1,10.6,2.5,1.4,3,0.518,0.52,0.25,0.736,178.7,0.25
439,NBA,1,2,PHO,Armen Gilliam,23.03,F-C,us,UNLV,1988,2000,1987,929,28.4,13.7,6.9,1.2,0.7,0.7,0.489,0.49,0,0.776,58.1,0.106
440,NBA,1,3,NJN,Dennis Hopson,22.066,G-F,us,Ohio State,1988,1992,1987,334,22.5,10.9,2.8,1.6,1,0.5,0.431,0.443,0.271,0.765,7.1,0.046
441,NBA,1,4,LAC,Reggie Williams,23.114,F-G,us,Georgetown,1988,1997,1987,599,26.7,12.5,4,2.5,1.3,0.7,0.437,0.468,0.298,0.784,26,0.078
442,NBA,1,5,SEA,Scottie Pippen,21.275,F-G,us,University of Central Arkansas,1988,2004,1987,1178,34.9,16.1,6.4,5.2,2,0.8,0.473,0.507,0.326,0.704,125.1,0.146
443,NBA,1,6,SAC,Kenny Smith,22.111,G,us,UNC,1988,1997,1987,737,30.1,12.8,2,5.5,1,0.1,0.48,0.503,0.399,0.829,46.8,0.101
444,NBA,1,7,CLE,Kevin Johnson,21.115,G,us,California,1988,2000,1987,735,34.1,17.9,3.3,9.1,1.5,0.2,0.493,0.504,0.305,0.841,92.8,0.178
445,NBA,1,8,CHI,Olden Polynice,22.218,C-F,ht,Virginia,1988,2004,1987,1058,23.5,7.8,6.7,0.7,0.5,0.6,0.505,0.507,0.192,0.535,46.8,0.09
446,NBA,1,9,SEA,Derrick McKey,20.26,F-C,us,Alabama,1988,2002,1987,937,29.1,11,4.7,2.4,1.1,0.7,0.486,0.5,0.316,0.779,61.8,0.109
447,NBA,1,10,CHI,Horace Grant,21.358,F-C,us,Clemson,1988,2004,1987,1165,33.2,11.2,8.1,2.2,1,1,0.509,0.511,0.063,0.692,118.2,0.147
448,NBA,1,11,IND,Reggie Miller,21.307,G-F,us,UCLA,1988,2005,1987,1389,34.3,18.2,3,3,1.1,0.2,0.471,0.516,0.395,0.888,174.4,0.176
449,NBA,1,12,WSB,Muggsy Bogues,22.169,G,us,Wake Forest,1988,2001,1987,889,28.6,7.7,2.6,7.6,1.5,0,0.458,0.47,0.278,0.827,54,0.102
450,NBA,1,13,LAC,Joe Wolf,22.192,F-C,us,UNC,1988,1999,1987,592,16.3,4.2,3.3,1,0.4,0.2,0.423,0.435,0.164,0.77,3.5,0.017
451,NBA,1,14,GSW,Tellis Frank,22.062,F-C,us,Western Kentucky,1988,1994,1987,264,17.8,6.5,3.9,1,0.6,0.4,0.439,0.44,0,0.741,4,0.041
452,NBA,1,16,PHI,Chris Welp,23.177,C,de,Washington,1988,1990,1987,109,10.8,3.3,2.4,0.4,0.3,0.5,0.446,0.447,0,0.681,1,0.042
453,NBA,1,18,NYK,Mark Jackson,22.087,G,us,St. John's,1988,2004,1987,1296,30.2,9.6,3.8,8,1.2,0.1,0.447,0.477,0.332,0.77,91.8,0.113
454,NBA,1,19,LAC,Ken Norman,22.295,F,us,Illinois,1988,1997,1987,646,29.4,13.5,6.1,2.1,0.8,0.7,0.486,0.504,0.312,0.567,27.1,0.069
455,NBA,1,20,DAL,Jim Farmer,22.277,G,us,Alabama,1988,1994,1987,136,10.7,5.3,1.4,0.8,0.3,0,0.428,0.448,0.282,0.73,0.7,0.024
456,NBA,1,21,ATL,Dallas Comegys,22.314,F,us,DePaul,1988,1989,1987,142,15.8,6,3.2,0.7,0.5,0.9,0.457,0.459,0,0.682,1.1,0.024
457,NBA,1,22,BOS,Reggie Lewis,21.218,G-F,us,Northeastern University,1988,1993,1987,450,32.6,17.6,4.3,2.6,1.3,0.9,0.488,0.494,0.2,0.824,38.9,0.127
458,NBA,1,23,SAS,Greg Anderson,23.005,F-C,us,Houston,1988,1998,1987,680,20.6,7.3,6.2,0.6,0.7,0.9,0.492,0.494,0.087,0.557,18.7,0.064
459,NBA,2,32,MIL,Bob McCann,23.066,F,us,Morehead State University,1990,1998,1987,178,13.4,4.2,2.6,0.6,0.4,0.4,0.479,0.481,0.2,0.577,2,0.041
460,NBA,2,33,CHI,Tony White,22.132,G,us,Tennessee,1988,1988,1987,49,11.9,5.3,0.6,1.2,0.4,0,0.446,0.457,0,0.722,-0.3,-0.025
461,NBA,2,34,IND,Brian Rowsom,21.247,F,us,UNC Wilmington,1988,1990,1987,82,13.3,5.6,3.3,0.6,0.4,0.3,0.455,0.453,0.667,0.818,2.4,0.107
462,NBA,2,39,PHI,Vincent Askew,21.119,G-F,us,Memphis,1988,1998,1987,467,20,7.1,2.5,2.2,0.7,0.2,0.479,0.499,0.3,0.754,22.1,0.113
463,NBA,2,40,MIL,Winston Garland,22.19,G,us,Missouri State University,1988,1995,1987,511,26.2,9.4,2.8,4.7,1.3,0.2,0.43,0.44,0.281,0.83,14.2,0.051
464,NBA,2,45,BOS,Brad Lohaus,22.271,F-C,us,Iowa,1988,1998,1987,656,15.8,5.9,2.8,1.1,0.5,0.8,0.44,0.475,0.361,0.733,15.2,0.07
465,NBA,3,52,CLE,Donald Royal,21.036,F,us,Notre Dame,1990,1998,1987,504,16.8,6.3,2.8,1,0.5,0.2,0.473,0.477,0,0.77,19.1,0.109
466,NBA,3,63,POR,Kevin Gamble,21.226,F-G,us,Iowa,1988,1997,1987,649,22.4,9.5,2.2,2,0.7,0.3,0.502,0.522,0.36,0.81,33.3,0.11
467,NBA,3,65,DET,Eric White,21.179,F,us,Pepperdine,1988,1989,1987,55,14.3,6.1,2.4,0.5,0.3,0.1,0.525,0.523,1,0.798,1.3,0.079
468,NBA,4,75,CLE,Chris Dudley,22.125,C,us,Yale,1988,2003,1987,886,18.4,3.9,6.2,0.4,0.4,1.2,0.412,0.412,0,0.458,26.2,0.077
469,NBA,6,127,GSW,Šarūnas Marčiulionis,23.014,G,lt,,1990,1997,1987,363,22.4,12.8,2.3,2.2,1.3,0.1,0.505,0.522,0.369,0.768,20,0.118
470,NBA,1,1,CLE,Brad Daugherty,20.246,C,us,UNC,1987,1994,1986,548,36.5,19,9.5,3.7,0.8,0.7,0.532,0.533,0.143,0.747,65.2,0.156
471,NBA,1,4,IND,Chuck Person,21.36,F,us,Auburn,1987,2000,1986,943,30.7,14.7,5.1,2.8,0.7,0.2,0.458,0.495,0.362,0.723,38.9,0.065
472,NBA,1,5,NYK,Kenny Walker,21.308,F,us,Kentucky,1987,1995,1986,448,20.2,7,4,0.7,0.5,0.7,0.485,0.489,0.206,0.749,17.9,0.095
473,NBA,1,6,PHO,William Bedford,22.191,C,us,Memphis,1987,1993,1986,238,10.6,4.1,2.4,0.5,0.2,0.5,0.416,0.418,0.318,0.605,0.9,0.017
474,NBA,1,7,DAL,Roy Tarpley,21.206,C-F,us,Michigan,1987,1995,1986,280,26.7,12.6,10,1,1.1,1.2,0.483,0.487,0.176,0.744,19.8,0.127
475,NBA,1,8,CLE,Ron Harper,22.154,G-F,us,Miami University,1987,2001,1986,1009,30.9,13.8,4.3,3.9,1.7,0.7,0.446,0.474,0.289,0.72,65.8,0.101
476,NBA,1,9,CHI,Brad Sellers,23.188,C-F,us,Ohio State,1987,1993,1986,398,18,6.3,2.7,1.1,0.3,0.6,0.452,0.456,0.2,0.793,9.8,0.066
477,NBA,1,10,SAS,Johnny Dawkins,22.268,G,us,Duke,1987,1995,1986,541,27.5,11.1,2.5,5.5,1.1,0.1,0.456,0.471,0.33,0.857,21.8,0.07
478,NBA,1,11,DET,John Salley,22.037,F-C,us,Georgia Tech,1987,2000,1986,748,22.1,7,4.5,1.2,0.6,1.3,0.506,0.507,0.214,0.714,41.5,0.121
479,NBA,1,12,WSB,John Williams,19.239,F-C,us,LSU,1987,1995,1986,435,25.2,10.1,5.1,2.9,1.3,0.4,0.451,0.469,0.225,0.704,19.9,0.087
480,NBA,1,13,NJN,Pearl Washington,22.168,G,us,Syracuse,1987,1989,1986,194,20.8,8.6,1.9,3.8,1.3,0.1,0.452,0.469,0.184,0.746,1.9,0.023
481,NBA,1,14,POR,Walter Berry,22.039,F,us,St. John's,1987,1989,1986,205,23.7,14.1,4.7,1.4,0.6,0.7,0.539,0.54,0.2,0.638,8.2,0.081
482,NBA,1,15,UTA,Dell Curry,21.362,G,us,Virginia Tech,1987,2002,1986,1083,21.7,11.7,2.4,1.8,0.9,0.2,0.457,0.478,0.402,0.843,41.5,0.085
483,NBA,1,17,SAC,Harold Pressley,22.344,F-G,us,Villanova,1987,1990,1986,299,22.7,9,4.5,2.1,0.9,0.6,0.437,0.462,0.358,0.778,10,0.07
484,NBA,1,18,DEN,Mark Alarie,22.194,F,us,Duke,1987,1991,1986,325,16.9,7.5,3.4,1.1,0.4,0.3,0.475,0.49,0.252,0.775,8.4,0.073
485,NBA,1,19,ATL,Billy Thompson,22.204,F,us,Louisville,1987,1992,1986,300,22.3,8.6,5.4,1.7,0.5,0.9,0.505,0.507,0.154,0.674,9.6,0.069
486,NBA,1,20,HOU,Buck Johnson,22.171,F,us,Alabama,1987,1993,1986,505,23.5,9.1,3.5,1.7,0.8,0.5,0.488,0.494,0.113,0.738,20.8,0.084
487,NBA,1,21,WSB,Anthony Jones,23.283,G-F,us,UNLV,1987,1990,1986,164,10.4,3.6,1.3,0.7,0.5,0.2,0.393,0.401,0.306,0.74,0.8,0.022
488,NBA,1,22,MIL,Scott Skiles,22.109,G,us,Michigan State,1987,1996,1986,600,28,11.1,2.5,6.5,0.8,0,0.435,0.455,0.379,0.889,30.4,0.087
489,NBA,1,24,POR,Arvydas Sabonis,21.185,C,lt,,1996,2003,1986,470,24.2,12,7.3,2.1,0.8,1.1,0.5,0.52,0.328,0.786,47.3,0.2
490,NBA,2,25,DAL,Mark Price,22.128,G,us,Georgia Tech,1987,1998,1986,722,29.9,15.2,2.6,6.7,1.2,0.1,0.472,0.501,0.402,0.904,71.1,0.158
491,NBA,2,27,DET,Dennis Rodman,25.041,F,us,Southeastern Oklahoma State University,1987,2000,1986,911,31.7,7.3,13.1,1.8,0.7,0.6,0.521,0.542,0.231,0.584,89.8,0.15
492,NBA,2,28,CHI,Larry Krystkowiak,21.272,F-C,us,Montana,1987,1997,1986,420,21.7,8.2,4.9,1.2,0.6,0.1,0.457,0.461,0.139,0.795,15.6,0.082
493,NBA,2,29,CLE,Johnny Newman,22.207,F-G,us,Richmond,1987,2002,1986,1159,24.5,11,2.2,1.5,0.9,0.2,0.461,0.489,0.336,0.81,50.3,0.085
494,NBA,2,30,SEA,Nate McMillan,21.323,G-F,us,NC State,1987,1998,1986,796,25.7,5.9,4,6.1,1.9,0.4,0.443,0.47,0.343,0.65,50.2,0.118
495,NBA,2,33,SAS,Kevin Duckworth,22.082,C,us,Eastern Illinois University,1987,1997,1986,684,25.5,11.8,5.8,0.9,0.5,0.5,0.468,0.469,0.208,0.736,24.7,0.068
496,NBA,2,39,PHO,Rafael Addison,21.335,F-G,us,Syracuse,1987,1997,1986,379,15,5.8,2.1,0.9,0.4,0.2,0.449,0.472,0.282,0.772,4.9,0.041
497,NBA,2,41,DEN,Otis Smith,22.144,G-F,us,Jacksonville University,1987,1992,1986,375,20.6,10.5,3.8,1.8,1,0.5,0.455,0.467,0.251,0.762,12.3,0.076
498,NBA,2,43,HOU,Dave Feitl,24.015,C,us,Texas-El Paso,1987,1992,1986,275,10.9,4.3,3,0.5,0.2,0.2,0.433,0.436,0,0.751,1.4,0.022
499,NBA,2,44,PHI,David Wingate,22.19,G-F,us,Georgetown,1987,2001,1986,740,17.9,5.6,1.9,1.9,0.8,0.2,0.445,0.459,0.272,0.738,11.7,0.042
500,NBA,2,45,MIL,Keith Smith,22.105,G,us,Loyola Marymount,1987,1987,1986,42,11,3.3,0.8,1,0.6,0.1,0.38,0.383,0.333,0.75,0,-0.003
501,NBA,2,46,PHO,Jeff Hornacek,23.051,G,us,Iowa State,1987,2000,1986,1077,31.5,14.5,3.4,4.9,1.4,0.2,0.496,0.515,0.403,0.877,108.9,0.154
502,NBA,3,53,SEA,Tod Murphy,22.181,C-F,us,"University of California, Irvine",1988,1994,1986,191,21.3,5.5,4.9,1,0.6,0.5,0.454,0.467,0.29,0.679,8,0.095
503,NBA,3,55,PHO,Kenny Gattison,22.03,F-C,us,Old Dominion,1987,1996,1986,494,20.1,7.9,4.7,0.9,0.6,0.7,0.52,0.521,0.083,0.649,16.9,0.082
504,NBA,3,60,POR,Dražen Petrović,21.243,G,hr,,1990,1993,1986,290,26.4,15.4,2.3,2.4,0.9,0.1,0.506,0.52,0.437,0.841,21.5,0.134
505,NBA,3,61,UTA,John Shasky,21.326,C,us,Minnesota,1989,1991,1986,136,11.1,3.8,2.8,0.3,0.2,0.3,0.466,0.468,0,0.655,2.5,0.079
506,NBA,3,65,ATL,Dave Hoppen,22.101,C-F,us,Nebraska,1988,1993,1986,169,14.2,5,3.8,0.6,0.3,0.2,0.518,0.521,0.2,0.751,3.6,0.072
507,NBA,3,66,HOU,Anthony Bowie,22.226,G-F,us,Oklahoma,1989,1998,1986,461,18.1,6.4,2.2,1.8,0.6,0.2,0.475,0.488,0.318,0.824,12.3,0.07
508,NBA,3,69,LAL,Andre Turner,21.191,G,us,Memphis,1987,1992,1986,170,14.8,4.5,1.5,3.1,0.8,0,0.422,0.439,0.237,0.764,1.8,0.034
509,NBA,3,70,ATL,Jim Les,22.309,G,us,Bradley,1989,1995,1986,321,13.2,3.8,1.2,2.9,0.5,0.1,0.397,0.397,0.396,0.818,8.1,0.092
510,NBA,4,77,PHO,Grant Gondrezick,23.155,G,us,Pepperdine,1987,1989,1986,91,11.9,5,1.6,1.3,0.4,0.1,0.438,0.452,0.25,0.687,0.8,0.036
511,NBA,6,120,CHI,Pete Myers,22.281,G-F,us,Little Rock,1987,1998,1986,377,16,4.8,1.8,2.1,0.7,0.2,0.421,0.442,0.219,0.668,5.8,0.046
512,NBA,6,124,LAC,Tim Kempton,22.149,F-C,us,Notre Dame,1987,1998,1986,280,13.4,4.5,2.8,1.1,0.4,0.2,0.481,0.482,0,0.677,3.3,0.042
513,NBA,6,133,DEN,Anthony Frederick,21.197,F,us,Pepperdine,1989,1992,1986,147,11.2,4.9,1.9,0.9,0.5,0.3,0.439,0.445,0.273,0.699,0.7,0.019
514,NBA,6,134,ATL,Alexander Volkov,22.086,C,ru,,1990,1992,1986,149,16.5,6.8,2.6,2.2,0.7,0.3,0.455,0.48,0.333,0.613,4.5,0.087
515,NBA,1,1,NYK,Patrick Ewing,22.323,C-F,jm,Georgetown,1986,2002,1985,1183,34.3,21,9.8,1.9,1,2.4,0.504,0.507,0.152,0.74,126.4,0.15
516,NBA,1,2,IND,Wayman Tisdale,21.014,F-C,us,Oklahoma,1986,1997,1985,840,28.4,15.3,6.1,1.3,0.6,0.6,0.505,0.506,0,0.76,45.7,0.092
517,NBA,1,3,LAC,Benoit Benjamin,20.213,C,us,Creighton,1986,2000,1985,807,27.2,11.4,7.5,1.3,0.6,2,0.497,0.498,0.048,0.721,32.7,0.072
518,NBA,1,4,SEA,Xavier McDaniel,22.02,F,us,Wichita State,1986,1998,1985,870,29,15.6,6.1,2,0.9,0.5,0.485,0.491,0.261,0.718,47.8,0.091
519,NBA,1,5,ATL,Jon Koncak,22.038,C-F,us,SMU,1986,1996,1985,784,20.9,4.5,4.9,1,0.7,1,0.47,0.477,0.226,0.597,29.2,0.085
520,NBA,1,6,SAC,Joe Kleine,23.171,C,us,Arkansas,1986,2000,1985,965,15.2,4.8,4.1,0.6,0.3,0.3,0.453,0.455,0.271,0.794,19.1,0.062
521,NBA,1,7,GSW,Chris Mullin,21.329,F-G,us,St. John's,1986,2001,1985,986,32.6,18.2,4.1,3.5,1.6,0.6,0.509,0.533,0.384,0.865,93.1,0.139
522,NBA,1,8,DAL,Detlef Schrempf,22.154,F-C,de,Washington,1986,2001,1985,1136,29.6,13.9,6.2,3.4,0.8,0.3,0.491,0.505,0.384,0.803,109.5,0.156
523,NBA,1,9,CLE,Charles Oakley,21.188,F-C,us,Virginia Union University,1986,2004,1985,1282,31.4,9.7,9.5,2.5,1.1,0.3,0.471,0.477,0.253,0.761,89.7,0.107
524,NBA,1,10,PHO,Ed Pinckney,22.089,F,us,Villanova,1986,1997,1985,793,19.8,6.8,5,0.9,0.8,0.5,0.535,0.538,0,0.765,42.7,0.13
525,NBA,1,11,CHI,Keith Lee,22.178,F-C,us,Memphis,1986,1989,1985,182,16,6.1,4.7,1,0.4,0.6,0.451,0.454,0.167,0.746,3.7,0.062
526,NBA,1,12,WSB,Kenny Green,20.255,F,us,Wake Forest,1986,1987,1985,60,10.4,4.4,1.7,0.3,0.2,0.2,0.412,0.414,0,0.721,-0.3,-0.022
527,NBA,1,13,UTA,Karl Malone,21.335,F,us,Louisiana Tech,1986,2004,1985,1476,37.2,25,10.1,3.6,1.4,0.8,0.516,0.519,0.274,0.742,234.6,0.205
528,NBA,1,14,SAS,Alfredrick Hughes,22.34,F-G,us,Loyola Chicago,1986,1986,1985,68,12.7,5.2,1.7,0.9,0.4,0.1,0.409,0.42,0.176,0.583,-0.5,-0.029
529,NBA,1,15,DEN,Blair Rasmussen,22.223,C,us,Oregon,1986,1993,1985,532,21.4,9.6,5.7,0.9,0.4,0.9,0.472,0.473,0.257,0.767,19,0.08
530,NBA,1,16,DAL,Bill Wennington,22.059,C,ca,St. John's,1986,2000,1985,720,13.5,4.6,3,0.6,0.3,0.3,0.459,0.463,0.139,0.787,17.7,0.087
531,NBA,1,18,DET,Joe Dumars,22.031,G,us,McNeese State University,1986,1999,1985,1018,34.5,16.1,2.2,4.5,0.9,0.1,0.46,0.48,0.382,0.843,86.2,0.118
532,NBA,1,19,HOU,Steve Harris,21.252,G,us,Tulsa,1986,1990,1985,207,13.7,7,1.8,1.1,0.6,0.1,0.434,0.44,0.05,0.842,3.1,0.053
533,NBA,1,20,BOS,Sam Vincent,22.037,G,us,Michigan State,1986,1992,1985,396,19,7.8,2.1,3.9,0.7,0.2,0.449,0.458,0.182,0.863,10.9,0.069
534,NBA,1,21,PHI,Terry Catledge,21.306,F,us,University of South Alabama,1986,1993,1985,515,26.3,12.7,6.4,0.9,0.6,0.2,0.485,0.487,0.094,0.654,20.9,0.074
535,NBA,1,22,MIL,Jerry Reynolds,22.183,G-F,us,LSU,1986,1996,1985,443,18.9,9.1,3,2,1.1,0.6,0.418,0.425,0.226,0.749,10.5,0.06
536,NBA,1,23,LAL,A.C. Green,21.263,F-C,us,Oregon State,1986,2001,1985,1278,28.6,9.6,7.4,1.1,0.8,0.4,0.494,0.507,0.254,0.734,99.5,0.131
537,NBA,1,24,POR,Terry Porter,22.077,G,us,University of Wisconsin-Stevens Point,1986,2002,1985,1274,27.8,12.2,3,5.6,1.2,0.1,0.463,0.493,0.386,0.836,110.4,0.15
538,NBA,2,26,IND,Bill Martin,22.312,F,us,Georgetown,1986,1988,1985,84,10.2,4.7,1.6,0.7,0.4,0.1,0.449,0.46,0,0.813,0.3,0.016
539,NBA,2,27,IND,Dwayne McClain,22.137,G,us,Villanova,1986,1986,1985,45,10.2,3.5,0.7,1.5,0.8,0.1,0.383,0.398,0.111,0.514,-0.3,-0.026
540,NBA,2,28,CHI,Ken Johnson,22.229,F,us,Michigan State,1986,1986,1985,64,12.7,4.1,3.8,0.3,0.2,0.3,0.528,0.528,,0.435,0.8,0.044
541,NBA,2,31,WSB,Manute Bol,22.251,C,ss,University of Bridgeport,1986,1995,1985,624,18.7,2.6,4.2,0.3,0.2,3.3,0.407,0.435,0.21,0.561,12.3,0.051
542,NBA,2,32,PHO,Nick Vanos,22.072,C,us,Santa Clara,1986,1987,1985,68,12.4,3.3,3.5,0.9,0.3,0.4,0.383,0.386,0,0.561,-0.1,-0.007
543,NBA,2,35,SAS,Tyrone Corbin,22.175,G-F,us,DePaul,1986,2001,1985,1065,26,9.2,4.7,1.8,1.2,0.3,0.456,0.47,0.299,0.791,56.5,0.098
544,NBA,2,37,UTA,Carey Scurry,22.202,F,us,Long Island University,1986,1988,1985,180,13.2,4.7,2.9,1.1,1,0.8,0.48,0.492,0.25,0.666,5.3,0.107
545,NBA,2,40,DAL,Mark Acres,22.221,F-C,us,Oral Roberts,1988,1993,1985,375,16,3.6,4.1,0.5,0.4,0.3,0.506,0.505,0.538,0.665,9.3,0.075
546,NBA,2,45,CLE,Hot Rod Williams,22.319,F-C,us,Tulane,1987,1999,1985,887,29.7,11,6.8,1.8,0.8,1.6,0.48,0.481,0.105,0.726,70.5,0.129
547,NBA,2,46,CHI,Adrian Branch,21.219,F-G,us,Maryland,1987,1990,1985,130,11,6.4,1.9,0.7,0.6,0.1,0.455,0.468,0.231,0.744,2.1,0.07
548,NBA,2,47,NYK,Gerald Wilkins,21.286,G-F,us,Chattanooga,1986,1999,1985,900,29,13,2.9,3,1,0.2,0.45,0.469,0.316,0.745,33.9,0.062
549,NBA,3,54,HOU,Sam Mitchell,21.295,F,us,Mercer University,1990,2002,1985,994,22.4,8.7,3.7,1.1,0.6,0.3,0.447,0.456,0.223,0.784,41.7,0.09
550,NBA,3,59,ATL,Sedric Toney,23.072,G,us,Dayton,1986,1994,1985,112,12.6,3.7,0.9,2.1,0.4,0,0.365,0.372,0.341,0.781,0,0
551,NBA,3,66,SAC,Michael Adams,22.156,G,us,Boston College,1986,1996,1985,653,31.3,14.7,2.9,6.4,1.7,0.1,0.415,0.462,0.332,0.849,46.9,0.11
552,NBA,3,69,CHI,Mike Brown,21.34,C-F,us,George Washington,1987,1997,1985,626,17.5,5,4.4,0.7,0.4,0.3,0.455,0.456,0.125,0.69,15.9,0.069
553,NBA,4,77,ATL,Arvydas Sabonis,20.186,C,lt,,1996,2003,1985,470,24.2,12,7.3,2.1,0.8,1.1,0.5,0.52,0.328,0.786,47.3,0.2
554,NBA,4,82,SAS,Scott Roth,22.021,F,us,Wisconsin,1988,1990,1985,160,11.2,4.7,1.3,1.2,0.5,0.1,0.375,0.387,0.291,0.73,1.1,0.03
555,NBA,4,84,ATL,John Battle,22.227,G,us,Rutgers University,1986,1995,1985,612,17.8,8.7,1.3,2.1,0.4,0.1,0.464,0.474,0.273,0.793,17.9,0.079
556,NBA,4,87,DET,Spud Webb,21.346,G,us,NC State,1986,1998,1985,814,24.9,9.9,2.1,5.3,1.1,0.1,0.452,0.478,0.314,0.848,40.2,0.095
557,NBA,4,89,DEN,Pete Williams,20.105,F,us,Arizona,1986,1987,1985,58,10.1,2.6,2.5,0.3,0.3,0.4,0.602,0.602,,0.425,1.4,0.112
558,NBA,4,90,PHI,Derrick Gervin,22.088,F,us,Texas-San Antonio,1990,1991,1985,77,14.1,8.8,2.3,0.5,0.5,0.3,0.435,0.446,0.226,0.764,2.1,0.095
559,NBA,7,144,SEA,Michael Phelps,23.264,G,us,Alcorn State,1986,1988,1985,132,10.4,3.6,1.1,1,0.5,0,0.416,0.432,0.091,0.639,0.3,0.012
560,NBA,7,148,PHO,Georgi Glouchkov,25.166,F,bg,,1986,1986,1985,49,15.8,4.9,3.3,0.7,0.5,0.5,0.402,0.399,1,0.574,-0.5,-0.029
561,NBA,7,160,MIL,Mario Elie,21.21,G-F,us,American International College,1991,2001,1985,732,25.5,8.6,2.8,2.6,0.9,0.2,0.473,0.53,0.365,0.854,48.9,0.126
562,NBA,1,1,HOU,Hakeem Olajuwon,21.155,C,ng,Houston,1985,2002,1984,1238,35.7,21.8,11.1,2.5,1.7,3.1,0.512,0.514,0.202,0.712,162.8,0.177
563,NBA,1,2,POR,Sam Bowie,23.1,C-F,us,Kentucky,1985,1995,1984,511,27.6,10.9,7.5,2.1,0.5,1.8,0.452,0.456,0.302,0.748,26.9,0.091
564,NBA,1,3,CHI,Michael Jordan,21.128,G-F,us,UNC,1985,2003,1984,1072,38.3,30.1,6.2,5.3,2.3,0.8,0.497,0.51,0.327,0.835,214,0.25
565,NBA,1,4,DAL,Sam Perkins,23.011,F-C,us,UNC,1985,2001,1984,1286,28.5,11.9,6,1.5,0.9,0.7,0.459,0.482,0.362,0.811,105.4,0.138
566,NBA,1,5,PHI,Charles Barkley,21.125,F,us,Auburn,1985,2000,1984,1073,36.7,22.1,11.7,3.9,1.5,0.8,0.541,0.581,0.266,0.735,177.2,0.216
567,NBA,1,6,WSB,Melvin Turpin,23.179,C,us,Kentucky,1985,1990,1984,361,19,8.5,4.6,0.5,0.4,1,0.516,0.518,0.111,0.777,13.7,0.096
568,NBA,1,7,SAS,Alvin Robertson,21.338,G,us,Arkansas,1985,1996,1984,779,31.7,14,5.2,5,2.7,0.4,0.477,0.494,0.295,0.743,52.1,0.101
569,NBA,1,8,LAC,Lancaster Gordon,22.001,G,us,Louisville,1985,1988,1984,201,12.8,5.6,1.3,1.5,0.6,0.2,0.391,0.4,0.271,0.767,-2.7,-0.05
570,NBA,1,9,KCK,Otis Thorpe,21.324,F-C,us,Providence,1985,2001,1984,1257,31.7,14,8.2,2.2,0.7,0.4,0.546,0.548,0.047,0.687,106.4,0.128
571,NBA,1,10,PHI,Leon Wood,22.092,G,us,Cal State Fullerton,1985,1991,1984,274,16.5,6.4,1.2,3.2,0.5,0,0.392,0.427,0.326,0.792,6.7,0.071
572,NBA,1,11,ATL,Kevin Willis,21.292,F-C,us,Michigan State,1985,2007,1984,1424,26.9,12.1,8.4,0.9,0.7,0.5,0.487,0.491,0.211,0.713,81.8,0.102
573,NBA,1,12,CLE,Tim McCormick,22.107,C,us,Michigan,1985,1992,1984,483,21.5,8.3,4.9,1,0.3,0.4,0.535,0.537,0.063,0.703,21.5,0.099
574,NBA,1,13,PHO,Jay Humphries,21.251,G,us,Colorado,1985,1995,1984,788,29.3,11.1,2.5,5.5,1.5,0.1,0.476,0.496,0.297,0.782,45,0.094
575,NBA,1,14,LAC,Michael Cage,22.148,F-C,us,San Diego State,1985,2000,1984,1140,26.1,7.3,7.6,0.9,0.9,0.6,0.515,0.517,0,0.664,74.4,0.12
576,NBA,1,15,DAL,Terence Stansbury,23.118,G,us,Temple,1985,1987,1984,192,15.5,6.3,1.4,2,0.6,0.1,0.444,0.468,0.224,0.779,2.4,0.038
577,NBA,1,16,UTA,John Stockton,22.091,G,us,Gonzaga,1985,2003,1984,1504,31.8,13.1,2.7,10.5,2.2,0.2,0.515,0.541,0.384,0.826,207.7,0.209
578,NBA,1,17,NJN,Jeff Turner,22.077,F-C,us,Vanderbilt,1985,1996,1984,612,18.4,6,3.3,1,0.4,0.1,0.467,0.475,0.344,0.769,8.9,0.038
579,NBA,1,18,IND,Vern Fleming,22.141,G,us,Georgia,1985,1996,1984,893,27.7,11.3,3.4,4.8,1,0.1,0.498,0.507,0.181,0.764,52,0.101
580,NBA,1,19,POR,Bernard Thompson,21.299,F-G,us,Fresno State,1985,1989,1984,204,14.4,5.3,1.7,1.3,0.6,0.1,0.439,0.447,0,0.789,3.4,0.056
581,NBA,1,20,DET,Tony Campbell,22.049,F-G,us,Ohio State,1985,1995,1984,690,22,11.6,3.1,1.5,0.8,0.2,0.456,0.463,0.254,0.79,20.7,0.065
582,NBA,1,21,MIL,Kenny Fields,22.136,F-G,us,UCLA,1985,1988,1984,184,14.6,6.2,2.5,1,0.5,0.2,0.474,0.479,0.188,0.733,4.2,0.074
583,NBA,2,25,IND,Devin Durrant,23.248,F,us,BYU,1985,1986,1984,63,12.8,5,2.1,1.3,0.3,0.2,0.414,0.418,0,0.689,-0.2,-0.012
584,NBA,2,27,CLE,Ron Anderson,25.254,F-G,us,Fresno State,1985,1994,1984,664,22.8,10.6,3.5,1.4,0.7,0.1,0.471,0.482,0.287,0.814,24.2,0.077
585,NBA,2,30,GSW,Steve Burtt,21.232,G,us,Iona College,1985,1993,1984,101,11.1,5.8,0.9,1.2,0.5,0.1,0.426,0.434,0.143,0.695,0,0
586,NBA,2,33,POR,Steve Colter,21.336,G,us,New Mexico State,1985,1995,1984,526,18.2,6.3,2,2.8,0.9,0.1,0.448,0.464,0.289,0.778,17.3,0.087
587,NBA,2,35,GSW,Othell Wilson,22.242,G,us,Virginia,1985,1987,1984,127,16.1,4.2,1.7,3.3,0.9,0.1,0.454,0.475,0.176,0.746,1.4,0.032
588,NBA,2,36,PHO,Charles Jones,22.164,F,us,Louisville,1985,1989,1984,201,15,5,3.8,1,0.5,0.5,0.493,0.498,0.111,0.611,4.5,0.072
589,NBA,2,37,CHI,Ben Coleman,22.223,F,us,Maryland,1987,1994,1984,227,15.9,6.6,4.1,0.6,0.4,0.4,0.516,0.519,0,0.759,5,0.067
590,NBA,2,39,SEA,Danny Young,21.334,G,us,Wake Forest,1985,1995,1984,574,16.6,4.6,1.2,2.9,0.9,0.1,0.437,0.476,0.327,0.835,20.2,0.101
591,NBA,2,45,GSW,Gary Plummer,22.124,F-C,us,Boston University,1985,1993,1984,126,11.4,4.2,2.4,0.5,0.2,0.2,0.43,0.435,0.143,0.717,0.2,0.006
592,NBA,2,46,POR,Jerome Kersey,21.364,F,us,Longwood University,1985,2001,1984,1153,24.4,10.3,5.5,1.9,1.2,0.7,0.465,0.472,0.201,0.69,69.5,0.119
593,NBA,3,50,CLE,Ben McDonald,21.34,F,us,"University of California, Irvine",1986,1989,1984,176,21,6,3.2,1.3,0.4,0.1,0.468,0.479,0.227,0.727,2.5,0.033
594,NBA,3,51,HOU,Jim Petersen,22.123,F-C,us,Minnesota,1985,1992,1984,491,20,6.9,4.8,1,0.4,0.7,0.486,0.49,0.071,0.725,13.8,0.067
595,NBA,4,87,NYK,Bob Thornton,21.35,F-C,us,"University of California, Irvine",1986,1996,1984,283,12,3,2.5,0.3,0.3,0.1,0.444,0.447,0.222,0.558,1.3,0.018
596,NBA,4,90,SAS,Ozell Jones,23.217,C-F,us,Cal State Fullerton,1985,1986,1984,70,12.9,3.5,3.4,0.8,0.5,0.8,0.582,0.586,0,0.398,1.2,0.066
597,NBA,6,133,NYK,Eddie Lee Wilkins,22.049,F-C,us,Gardner-Webb University,1985,1993,1984,322,11.8,4.8,3.1,0.2,0.3,0.2,0.47,0.474,0,0.564,2.5,0.032
598,NBA,7,156,NYK,Ken Bannister,24.085,F-C,us,Saint Augustine's College,1985,1991,1984,253,15.3,5.9,3.5,0.4,0.4,0.3,0.488,0.489,0,0.492,0.6,0.007
599,NBA,1,1,HOU,Ralph Sampson,22.361,C-F,us,Virginia,1984,1992,1983,456,29.8,15.4,8.8,2.3,0.9,1.6,0.486,0.489,0.172,0.661,20.1,0.071
600,NBA,1,2,IND,Steve Stipanovich,22.228,C,us,Missouri,1984,1988,1983,403,31.2,13.2,7.8,2.3,1,0.9,0.484,0.489,0.179,0.796,30.4,0.116
701,NBA,1,17,KCK,Kevin Loder,22.092,F-G,us,Alabama State University,1982,1984,1981,148,14.1,5.9,2.3,1.2,0.5,0.3,0.461,0.467,0.261,0.695,2.4,0.055
702,NBA,1,18,NJN,Ray Tolbert,22.278,F,us,Indiana,1982,1989,1981,261,10.7,3.6,2.3,0.5,0.3,0.4,0.495,0.499,0,0.544,2.9,0.051
703,NBA,1,19,LAL,Mike McGee,21.321,G-F,us,Michigan,1982,1990,1981,520,17.8,9.6,2.1,1.2,0.7,0.1,0.487,0.521,0.354,0.597,15.1,0.078
704,NBA,1,20,PHO,Larry Nance,22.123,F-C,us,Clemson,1982,1994,1981,920,33.4,17.1,8,2.6,0.9,2.2,0.546,0.548,0.145,0.755,109.6,0.171
705,NBA,1,21,MIL,Alton Lister,22.257,C-F,us,Arizona State,1982,1998,1981,953,19.9,6.6,6.3,1,0.4,1.5,0.512,0.513,0.111,0.597,36.6,0.093
706,NBA,1,22,PHI,Franklin Edwards,22.133,G,us,Cleveland State University,1982,1988,1981,296,15,6.1,1,2.6,0.8,0.1,0.449,0.457,0.03,0.795,3.9,0.043
707,NBA,2,24,DAL,Jay Vincent,22.005,F,us,Michigan State,1982,1990,1981,576,27,15.2,5.5,2,0.7,0.3,0.474,0.475,0.148,0.784,27.5,0.085
708,NBA,2,25,BOS,Tracy Jackson,22.055,G-F,us,Notre Dame,1982,1984,1981,129,13.9,5.4,1.9,1,0.6,0.1,0.463,0.47,0.154,0.749,2.4,0.064
709,NBA,2,28,SAS,Gene Banks,22.031,F-G,us,Duke,1982,1987,1981,468,27.9,11.3,5.8,2.9,0.9,0.2,0.539,0.545,0.043,0.73,31.2,0.115
710,NBA,2,29,KCK,Eddie Johnson,22.045,F-G,us,Illinois,1982,1999,1981,1199,27.2,16,4,2.1,0.6,0.2,0.472,0.488,0.335,0.84,65.6,0.097
711,NBA,2,30,SAS,Ed Rains,24.173,F,us,University of South Alabama,1982,1983,1981,83,11.2,3.5,1.5,0.7,0.3,0,0.423,0.428,0,0.626,0.7,0.034
712,NBA,2,31,BOS,Danny Ainge,22.09,G,us,BYU,1982,1995,1981,1042,26.6,11.5,2.7,4,1.1,0.1,0.469,0.502,0.378,0.846,71.5,0.124
713,NBA,2,33,GSW,Sam Williams,22.1,F,us,Arizona State,1982,1985,1981,257,17.6,6.3,4.5,0.6,0.8,1.2,0.5,0.502,0,0.653,9,0.095
714,NBA,2,35,WSB,Charles Davis,22.253,F,us,Vanderbilt,1982,1990,1981,415,12.2,5.3,2.4,0.7,0.3,0.2,0.451,0.466,0.17,0.737,5.8,0.056
715,NBA,2,36,IND,Ray Blume,22.265,G,us,Oregon State,1982,1982,1981,49,11.1,4.6,0.8,1.4,0.5,0,0.459,0.48,0.222,0.643,-0.1,-0.013
716,NBA,2,43,DAL,Elston Turner,22.005,G-F,us,Ole Miss,1982,1989,1981,505,17.8,4.7,2.7,1.8,0.9,0.1,0.432,0.437,0.152,0.714,8.5,0.045
717,NBA,3,52,ATL,Rudy Macklin,23.116,F-G,us,LSU,1982,1984,1981,160,17.2,6.4,2.9,0.8,0.5,0.2,0.449,0.452,0,0.776,3.2,0.056
718,NBA,3,54,SDC,Jim Smith,23.064,F,us,Ohio State,1982,1983,1981,76,11.5,2.9,2.5,0.6,0.3,0.7,0.514,0.514,,0.461,0.7,0.037
719,NBA,3,57,NYK,Frank Brickowski,21.305,F-C,us,Penn State,1985,1997,1981,731,22.3,10,4.7,1.9,0.9,0.4,0.519,0.525,0.324,0.74,29.8,0.088
720,NBA,3,61,POR,Pétur Guðmundsson,22.228,C,is,Washington,1982,1989,1981,150,13.7,4.6,3.8,1,0.2,0.6,0.494,0.494,0.5,0.754,2.1,0.05
721,NBA,4,76,GSW,Lewis Lloyd,22.113,G-F,us,Drake University,1982,1990,1981,388,24.2,13.2,3.1,2.9,0.9,0.3,0.524,0.528,0.213,0.771,19.8,0.101
722,NBA,4,78,KCK,Kenny Dennard,22.24,F,us,Duke,1982,1984,1981,95,13.1,2.8,3,1,0.8,0.2,0.429,0.434,0.3,0.644,1.4,0.056
723,NBA,4,81,HOU,Larry Spriggs,21.28,F,us,Howard University,1982,1986,1981,169,13,5.2,2.3,1.3,0.5,0.2,0.517,0.522,0,0.752,3.4,0.074
724,NBA,4,85,POR,Pete Verhoeven,22.12,F,us,Fresno State,1982,1987,1981,282,11.4,3.5,2.3,0.5,0.5,0.2,0.505,0.506,0.25,0.689,5.2,0.078
725,NBA,4,88,LAL,Kevin McKenna,22.158,G-F,us,Creighton,1982,1988,1981,243,14.2,5.4,1.3,1.4,0.8,0.1,0.414,0.428,0.367,0.819,4,0.056
726,NBA,5,103,WSB,Garry Witts,21.347,G-F,us,Holy Cross,1982,1982,1981,46,10.7,2.9,1.3,0.8,0.4,0.1,0.583,0.585,0.5,0.825,1.1,0.104
727,NBA,1,1,GSW,Joe Barry Carroll,21.327,C-F,us,Purdue,1981,1991,1980,705,32.4,17.7,7.7,1.8,1,1.6,0.474,0.475,0,0.747,35.6,0.075
728,NBA,1,2,UTA,Darrell Griffith,22,G,us,Louisville,1981,1991,1980,765,28,16.2,3.3,2.1,1.2,0.3,0.463,0.485,0.332,0.707,22,0.049
729,NBA,1,3,BOS,Kevin McHale,22.179,F-C,us,Minnesota,1981,1993,1980,971,31,17.9,7.3,1.7,0.4,1.7,0.554,0.558,0.261,0.798,113,0.18
730,NBA,1,4,CHI,Kelvin Ransey,22.044,G,us,Ohio State,1981,1986,1980,474,24.4,11.4,1.9,5.2,1,0.1,0.454,0.464,0.132,0.782,17.9,0.074
731,NBA,1,6,NJN,Mike O'Koren,22.129,F-G,us,UNC,1981,1988,1980,407,21.6,8.2,3.4,2.1,0.8,0.2,0.49,0.499,0.271,0.651,14.6,0.08
732,NBA,1,7,NJN,Mike Gminski,20.317,C,us,Duke,1981,1994,1980,938,25.6,11.7,6.9,1.3,0.5,1.1,0.465,0.467,0.122,0.843,55.9,0.111
733,NBA,1,8,PHI,Andrew Toney,22.205,G,us,Louisiana,1981,1988,1980,468,26.9,15.9,2.2,4.2,0.8,0.2,0.5,0.512,0.342,0.797,26.9,0.103
734,NBA,1,9,SDC,Michael Brooks,21.303,F,us,La Salle,1981,1988,1980,319,29.4,12.8,6.3,2.6,1.2,0.4,0.486,0.489,0.152,0.714,16.5,0.085
735,NBA,1,10,POR,Ronnie Lester,21.166,G,us,Iowa,1981,1986,1980,250,19.8,7.3,1.9,4,0.7,0.1,0.469,0.472,0.227,0.788,6.3,0.061
736,NBA,1,11,DAL,Kiki Vandeweghe,21.319,F,de,UCLA,1981,1993,1980,810,30.3,19.7,3.4,2.1,0.6,0.3,0.525,0.533,0.368,0.872,75.6,0.148
737,NBA,1,12,NYK,Mike Woodson,22.084,G-F,us,Indiana,1981,1991,1980,786,25.5,14,2.3,2.3,1.2,0.3,0.466,0.476,0.271,0.813,34.6,0.083
738,NBA,1,13,GSW,Rickey Brown,21.3,C-F,us,Mississippi State,1981,1985,1980,340,13.2,4.4,3.5,0.4,0.3,0.3,0.464,0.466,0,0.667,4.7,0.051
739,NBA,1,14,WSB,Wes Matthews,20.296,G,us,Wisconsin,1981,1990,1980,465,20,7.9,1.3,4.2,1,0.2,0.478,0.492,0.225,0.788,11,0.057
740,NBA,1,15,SAS,Reggie Johnson,22.356,F-C,us,Tennessee,1981,1984,1980,305,19.6,8.4,4.1,0.9,0.4,0.6,0.505,0.506,0.143,0.716,11,0.088
741,NBA,1,16,KCK,Hawkeye Whitney,22.359,G-F,us,NC State,1981,1982,1980,70,15,5.8,2.1,1.2,0.8,0.1,0.462,0.465,0.286,0.75,1.3,0.062
742,NBA,1,17,DET,Larry Drew,22.075,G,us,Missouri,1981,1991,1980,714,25.7,11.4,1.8,5.2,1.1,0.1,0.467,0.478,0.291,0.798,24.4,0.064
743,NBA,1,18,ATL,Don Collins,21.2,F-G,us,Washington State,1981,1987,1980,303,20.2,9.8,2.8,1.8,1.1,0.3,0.485,0.489,0.069,0.749,10.5,0.082
744,NBA,1,19,UTA,John Duren,21.229,G,us,Georgetown,1981,1983,1980,201,14.7,3.5,1.1,2,0.5,0.1,0.435,0.446,0.12,0.75,-0.8,-0.014
745,NBA,1,20,SEA,Bill Hanzlik,22.192,G-F,us,Notre Dame,1981,1990,1980,748,20.8,7.2,2.8,2.8,1,0.3,0.434,0.446,0.213,0.781,24.7,0.076
746,NBA,1,23,DEN,Carl Nicks,21.253,G,us,Indiana State University,1981,1983,1980,156,16.5,6.8,1.9,1.6,0.8,0,0.462,0.467,0,0.57,-0.4,-0.007
747,NBA,2,24,GSW,Larry Smith,22.149,F-C,us,Alcorn State,1981,1993,1980,883,25.9,6.7,9.2,1.1,0.8,0.5,0.531,0.532,0,0.531,46,0.096
748,NBA,2,25,GSW,Jeff Ruland,21.182,C-F,us,Iona College,1982,1993,1980,332,33.4,17.4,10.2,3,0.8,0.8,0.564,0.566,0.158,0.718,34.3,0.149
749,NBA,2,26,CHI,Sam Worthen,22.15,G,us,Marquette,1981,1982,1980,69,14,3.5,1.7,1.7,0.8,0.1,0.492,0.503,0,0.75,0.7,0.032
750,NBA,2,28,ATL,Craig Shelton,23.046,F,us,Georgetown,1981,1982,1980,59,10.3,4.1,2.4,0.5,0.3,0.1,0.453,0.455,0,0.6,0,-0.001
751,NBA,2,29,IND,Louis Orr,22.04,F,us,Syracuse,1981,1988,1980,569,23.5,9.7,3.7,1.5,0.8,0.3,0.468,0.471,0.083,0.787,25.7,0.093
752,NBA,2,31,LAL,Wayne Robinson,22.058,F,us,Virginia Tech,1981,1981,1980,81,19.7,7.9,3.6,1.4,0.6,0.3,0.46,0.465,0,0.729,1.7,0.052
753,NBA,2,35,WSB,Rick Mahorn,21.268,C-F,us,Hampton,1981,1999,1980,1117,23.1,6.9,6.2,1,0.6,0.9,0.493,0.495,0.132,0.704,51.7,0.096
754,NBA,2,36,NYK,DeWayne Scales,21.17,F,us,LSU,1981,1984,1980,49,10.6,4.6,2.9,0.2,0.3,0.1,0.417,0.424,0.167,0.628,0.2,0.017
755,NBA,2,37,LAL,Butch Carter,22.005,G,us,Indiana,1981,1986,1980,361,18.9,8.7,1.5,1.9,0.9,0.1,0.475,0.486,0.307,0.788,8.5,0.06
756,NBA,2,39,SAS,Michael Wiley,22.243,F,us,Cal State Long Beach,1981,1982,1980,94,13.7,7.4,2.6,0.7,0.5,0.2,0.561,0.569,0,0.709,2.9,0.107
757,NBA,2,41,DEN,Jawann Oldham,22.347,C,us,Seattle University,1981,1991,1980,329,15.9,4.4,4.1,0.5,0.3,1.7,0.479,0.48,0,0.607,4.3,0.039
758,NBA,2,45,DET,Brad Branson,21.265,C-F,us,SMU,1982,1983,1980,72,11.9,5.4,2.9,0.7,0.4,0.4,0.422,0.423,0,0.725,0.9,0.053
759,NBA,3,47,DEN,Kurt Nimphius,22.095,C-F,us,Arizona State,1982,1990,1980,564,20.3,6.4,4.4,1.2,0.3,1.2,0.487,0.489,0.1,0.668,17.5,0.074
760,NBA,3,50,CHI,James Wilkes,22.076,F,us,UCLA,1981,1983,1980,114,13.4,4.8,2.4,0.9,0.5,0.3,0.463,0.466,0,0.723,2,0.063
761,NBA,3,52,NJN,Lowes Moore,23.042,G,us,West Virginia,1981,1983,1980,112,18.9,6.7,2,2.8,0.8,0.2,0.442,0.462,0.2,0.75,1.5,0.035
762,NBA,3,56,POR,Mike Harper,22.189,C-F,us,North Park University,1981,1982,1980,123,15.4,5,3.5,0.6,0.6,0.8,0.474,0.478,0,0.559,2.4,0.062
763,NBA,3,58,NYK,Kurt Rambis,22.111,F,us,Santa Clara,1982,1995,1980,880,18.5,5.2,5.6,1.1,0.9,0.5,0.534,0.536,0,0.689,38.3,0.113
764,NBA,4,70,DET,Darwin Cook,21.314,G,us,University of Portland,1981,1989,1980,612,23.1,9.5,2.1,3.7,1.7,0.3,0.453,0.467,0.196,0.764,22.9,0.078
765,NBA,4,75,NJN,Rory Sparrow,22.004,G,us,Villanova,1981,1992,1980,836,27,9,2.1,5,1,0.1,0.466,0.478,0.26,0.797,28.3,0.06
766,NBA,7,141,GSW,Lorenzo Romar,21.215,G,us,Washington,1981,1985,1980,291,17.8,5.9,1.3,3.5,0.8,0.1,0.464,0.479,0.211,0.749,8,0.074
767,NBA,9,182,GSW,Billy Reid,22.279,G,us,San Francisco,1981,1981,1980,59,10.1,3.2,1,1.2,0.6,0.1,0.454,0.467,0,0.564,-0.6,-0.05
768,NBA,1,1,LAL,Magic Johnson,19.32,G-F,us,Michigan State,1980,1996,1979,906,36.7,19.5,7.2,11.2,1.9,0.4,0.52,0.541,0.303,0.848,155.8,0.225
769,NBA,1,2,CHI,Dave Greenwood,22.034,F-C,us,UCLA,1980,1991,1979,823,28.4,10.2,7.9,2,0.7,0.9,0.477,0.479,0.138,0.765,46.4,0.095
770,NBA,1,3,NYK,Bill Cartwright,21.335,C,us,San Francisco,1980,1995,1979,963,28.5,13.2,6.3,1.4,0.5,0.7,0.525,0.525,0,0.771,72.8,0.127
771,NBA,1,4,DET,Greg Kelser,21.286,F,us,Michigan State,1980,1985,1979,305,19.8,9.7,4.6,1.3,0.8,0.5,0.486,0.491,0.167,0.686,8.6,0.069
772,NBA,1,5,MIL,Sidney Moncrief,21.282,G,us,Arkansas,1980,1991,1979,767,30.2,15.6,4.7,3.6,1.2,0.3,0.502,0.513,0.284,0.831,90.3,0.187
773,NBA,1,6,SEA,James Bailey,22.04,F-C,us,Rutgers University,1980,1988,1979,595,19.5,8.8,5,0.8,0.5,0.9,0.484,0.485,0.077,0.703,16.3,0.067
774,NBA,1,7,SEA,Vinnie Johnson,22.302,G,us,Baylor,1980,1992,1979,984,24.7,12,3.2,3.3,0.9,0.3,0.464,0.471,0.254,0.74,50.8,0.1
775,NBA,1,8,NJN,Calvin Natt,22.173,F,us,Louisiana-Monroe,1980,1990,1979,599,31.4,17.2,6.8,2.2,0.9,0.3,0.528,0.531,0.219,0.768,57.2,0.146
776,NBA,1,9,NYK,Larry Demic,22.003,F-C,us,Arizona,1980,1982,1979,206,15.5,4.7,3.9,0.5,0.3,0.2,0.459,0.461,0,0.58,1.4,0.022
777,NBA,1,10,DET,Roy Hamilton,21.345,G,us,UCLA,1980,1981,1979,73,15.4,4.6,1.5,2.6,0.7,0.1,0.4,0.403,0,0.684,-0.4,-0.017
778,NBA,1,11,NJN,Cliff Robinson,19.108,F,us,USC,1980,1992,1979,629,30.7,17.2,8.3,2,1,0.7,0.468,0.469,0.184,0.722,30.5,0.076
779,NBA,1,12,POR,Jim Paxson,21.356,G-F,us,Dayton,1980,1990,1979,784,27.2,14.3,2,2.9,1.2,0.1,0.498,0.511,0.225,0.807,53.7,0.121
780,NBA,1,13,IND,Dudley Bradley,22.103,G-F,us,UNC,1980,1989,1979,600,17,5.2,1.8,1.9,1.6,0.3,0.44,0.46,0.293,0.73,16.5,0.078
781,NBA,1,15,DET,Phil Hubbard,22.199,F-C,us,Michigan,1980,1989,1979,665,23.9,10.9,5.3,1.3,0.9,0.1,0.495,0.498,0.038,0.706,29,0.088
782,NBA,1,16,PHI,Jim Spanarkel,22.002,G-F,us,Duke,1980,1984,1979,259,20.4,9.7,2.5,2.2,1,0.1,0.47,0.476,0.25,0.855,12.3,0.112
783,NBA,1,18,KCK,Reggie King,22.136,F,us,Alabama,1980,1985,1979,438,25.9,8.9,6.2,1.6,0.8,0.3,0.514,0.515,0,0.699,24.8,0.105
784,NBA,1,19,SAS,Wiley Peck,21.288,G,us,Mississippi State,1980,1980,1979,52,12.1,3.5,3.5,0.6,0.3,0.4,0.432,0.437,0,0.618,0.3,0.023
785,NBA,1,21,NYK,Sly Williams,21.155,F-G,us,Rhode Island,1980,1986,1979,305,21.7,10.9,4.2,2,1.1,0.2,0.478,0.486,0.162,0.692,13.4,0.097
786,NBA,1,22,PHO,Kyle Macy,22.082,G,us,Kentucky,1981,1987,1979,551,25.9,9.5,2.2,4,1.1,0.1,0.501,0.526,0.337,0.873,36,0.121
787,NBA,2,24,PHO,Johnny High,22.066,G,us,Nevada,1980,1984,1979,274,16.6,5.1,2.3,1.9,1.2,0.3,0.435,0.446,0.105,0.619,4.7,0.05
788,NBA,2,25,LAL,Ollie Mack,22.024,G,us,East Carolina University,1980,1982,1979,128,19.6,7.2,2.5,1.8,0.7,0.1,0.458,0.467,0,0.674,2.5,0.048
789,NBA,2,26,CLE,Bruce Flowers,22.017,F,us,Notre Dame,1983,1983,1979,53,13.2,4.9,3.4,0.9,0.4,0.2,0.534,0.539,0,0.774,1.7,0.119
790,NBA,2,27,NYK,Reggie Carter,21.263,G,us,St. John's,1981,1982,1979,135,10.8,3.5,1.2,1.5,0.4,0.1,0.388,0.39,0,0.772,0.4,0.014
791,NBA,2,30,DEN,Gary Garland,21.261,G,us,DePaul,1980,1980,1979,78,14.2,4.3,1.8,1.9,0.7,0.1,0.435,0.442,0.316,0.692,0.5,0.02
792,NBA,2,31,MIL,Edgar Jones,23.013,F-C,us,Nevada,1981,1986,1979,363,19.2,9,4.8,0.9,0.6,1.3,0.506,0.513,0.262,0.71,15,0.103
793,NBA,2,36,PHI,Clint Richardson,22.327,G,us,Seattle University,1980,1987,1979,586,20.2,7,2.4,2.5,0.6,0.2,0.463,0.466,0.244,0.77,16.6,0.067
794,NBA,2,42,HOU,Paul Mokeski,22.178,C-F,us,Kansas,1980,1991,1979,694,14,4,3.4,0.7,0.3,0.4,0.451,0.456,0.216,0.694,13.5,0.067
795,NBA,2,43,SEA,Johnny Moore,21.119,G,us,Texas,1981,1990,1979,520,25.8,9.4,3,7.4,2,0.2,0.46,0.48,0.251,0.712,30.1,0.108
796,NBA,3,47,CHI,Calvin Garrett,22.354,F,us,Oral Roberts,1981,1984,1979,166,18.1,5.2,2.6,1.5,0.6,0.1,0.457,0.461,0.3,0.767,2.6,0.042
797,NBA,3,48,DET,Terry Duerod,22.336,G,us,Detroit Mercy,1980,1983,1979,143,13.8,6.7,1.1,1.2,0.4,0.1,0.462,0.473,0.329,0.672,1,0.023
798,NBA,3,49,CHI,Cedrick Hordges,22.173,F-C,us,South Carolina,1981,1982,1979,145,20.5,7.6,5.9,1.2,0.4,0.3,0.475,0.481,0.188,0.639,2.2,0.036
799,NBA,3,50,NYK,Geoff Huston,21.234,G,us,Texas Tech,1980,1987,1979,496,24.7,8.8,1.4,5.1,0.7,0.1,0.483,0.486,0.254,0.708,11.9,0.047
800,NBA,3,58,PHI,Earl Cureton,21.3,F-C,us,Detroit Mercy,1981,1997,1979,674,18.4,5.4,4.7,1,0.5,0.5,0.473,0.476,0,0.538,14.4,0.056
801,NBA,3,65,CLE,Bill Laimbeer,22.042,C,us,Notre Dame,1981,1994,1979,1068,31.8,12.9,9.7,2,0.7,0.9,0.498,0.508,0.326,0.837,105.6,0.149
802,NBA,4,73,SEA,James Donaldson,21.318,C,gb,Washington State,1981,1995,1979,957,27.4,8.6,7.8,0.8,0.4,1.3,0.571,0.571,,0.732,62.3,0.114
803,NBA,4,82,GSW,Jerry Sichting,22.213,G,us,Purdue,1981,1990,1979,598,21.3,6.9,1.4,3.3,0.7,0,0.507,0.519,0.271,0.857,21.2,0.08
804,NBA,5,98,IND,Billy Reid,21.293,G,us,San Francisco,1981,1981,1979,59,10.1,3.2,1,1.2,0.6,0.1,0.454,0.467,0,0.564,-0.6,-0.05
805,NBA,5,104,HOU,Allen Leavell,22.034,G,us,Oklahoma City University,1980,1989,1979,700,23.2,9.5,1.7,4.8,1.3,0.2,0.45,0.476,0.234,0.834,29.9,0.088
806,NBA,5,107,PHO,Mark Eaton,22.157,C,us,UCLA,1983,1993,1979,875,28.8,6,7.9,1,0.4,3.5,0.458,0.458,0,0.649,44.8,0.085
807,NBA,8,165,PHO,Charles Jones,22.088,F-C,us,Albany State University,1984,1998,1979,726,19.4,2.5,4.5,0.9,0.6,1.6,0.48,0.482,0,0.618,24.6,0.084
808,NBA,10,185,UTA,Paul Dawkins,22.02,F,us,Northern Illinois,1980,1980,1979,57,13.6,5.5,2.2,1.4,0.6,0.2,0.47,0.475,0.2,0.688,-0.1,-0.009